"time_min","plastic_group","Bird_Body_Weight_c","predicted","se","lower_95","upper_95","Bird_Body_Weight"
0.5,"Low plastic (≤0.5)",0,0.00476440975184439,0.0666915528582127,-0.125951033850252,0.135479853353941,413.464614154338
0.698996655518395,"Low plastic (≤0.5)",0,0.00191173023643137,0.0666331500365488,-0.128689243835204,0.132512704308067,413.464614154338
0.897993311036789,"Low plastic (≤0.5)",0,-0.000940922944828559,0.0665772232400986,-0.131432280495422,0.129550434605765,413.464614154338
1.09698996655518,"Low plastic (≤0.5)",0,-0.00379352314654019,0.0665237899968372,-0.134180151540341,0.126593105247261,413.464614154338
1.29598662207358,"Low plastic (≤0.5)",0,-0.00664603612249237,0.0664728676184801,-0.136932856654713,0.123640784409729,413.464614154338
1.49498327759197,"Low plastic (≤0.5)",0,-0.00949841977155938,0.0664244710339233,-0.139690382998049,0.12069354345493,413.464614154338
1.69397993311037,"Low plastic (≤0.5)",0,-0.0123506306417493,0.066378607320069,-0.142452700989085,0.117751439705586,413.464614154338
1.89297658862876,"Low plastic (≤0.5)",0,-0.0152026210150858,0.0663352781704412,-0.145219766229151,0.114814524198979,413.464614154338
2.09197324414716,"Low plastic (≤0.5)",0,-0.0180543420671561,0.0662944750203947,-0.14799151310713,0.111882828972818,413.464614154338
2.29096989966555,"Low plastic (≤0.5)",0,-0.0209057461847512,0.0662561793589415,-0.150767857728277,0.108956365358774,413.464614154338
2.48996655518395,"Low plastic (≤0.5)",0,-0.0237567870915149,0.0662203621640482,-0.153548696933049,0.10603512275002,413.464614154338
2.68896321070234,"Low plastic (≤0.5)",0,-0.0266074201271561,0.0661869821766284,-0.156333905193348,0.103119064939036,413.464614154338
2.88795986622074,"Low plastic (≤0.5)",0,-0.0294576078318466,0.0661559871232335,-0.159123342593384,0.100208126929691,413.464614154338
3.08695652173913,"Low plastic (≤0.5)",0,-0.0323073150876871,0.0661273128725855,-0.161916848317955,0.0973022181425805,413.464614154338
3.28595317725753,"Low plastic (≤0.5)",0,-0.0351565146266454,0.0661008842609964,-0.164714247778198,0.0944012185249075,413.464614154338
3.48494983277592,"Low plastic (≤0.5)",0,-0.038005188434812,0.0660766159650148,-0.167515355726241,0.091504978856617,413.464614154338
3.68394648829431,"Low plastic (≤0.5)",0,-0.0408533221292918,0.0660544129515057,-0.170319971514243,0.0886133272556595,413.464614154338
3.88294314381271,"Low plastic (≤0.5)",0,-0.0437009168921081,0.0660341723182242,-0.173127894635827,0.0857260608516112,413.464614154338
4.0819397993311,"Low plastic (≤0.5)",0,-0.0465479791023719,0.0660157840204791,-0.175938915782511,0.0828429575777672,413.464614154338
4.2809364548495,"Low plastic (≤0.5)",0,-0.0493945267941138,0.0659991326366264,-0.178752826761902,0.079963773173674,413.464614154338
4.47993311036789,"Low plastic (≤0.5)",0,-0.052240592678323,0.0659840991725426,-0.181569427056507,0.0770882416998604,413.464614154338
4.67892976588629,"Low plastic (≤0.5)",0,-0.0550862140169773,0.0659705618049775,-0.184388515154733,0.0742160871207787,413.464614154338
4.87792642140468,"Low plastic (≤0.5)",0,-0.0579314476757526,0.0659583988072838,-0.187209909338029,0.0713470139865236,413.464614154338
5.07692307692308,"Low plastic (≤0.5)",0,-0.0607763574245496,0.0659474888839115,-0.190033435637016,0.068480720787917,413.464614154338
5.27591973244147,"Low plastic (≤0.5)",0,-0.0636210192806145,0.0659377132354211,-0.19285893722204,0.0656168986608108,413.464614154338
5.47491638795987,"Low plastic (≤0.5)",0,-0.066465525737698,0.0659289575277438,-0.195686282492076,0.0627552310166799,413.464614154338
5.67391304347826,"Low plastic (≤0.5)",0,-0.0693099736244241,0.0659211114892575,-0.198515352143369,0.0598954048945205,413.464614154338
5.87290969899666,"Low plastic (≤0.5)",0,-0.0721544783650808,0.0659140722968191,-0.201346060066846,0.0570371033366847,413.464614154338
6.07190635451505,"Low plastic (≤0.5)",0,-0.074999162331446,0.0659077435545691,-0.204178339698402,0.0541800150355095,413.464614154338
6.27090301003344,"Low plastic (≤0.5)",0,-0.0778441576091283,0.0659020367351277,-0.207012149609979,0.051323834391722,413.464614154338
6.46989966555184,"Low plastic (≤0.5)",0,-0.0806896102449394,0.0658968726410672,-0.209847480621431,0.0484682601315523,413.464614154338
6.66889632107023,"Low plastic (≤0.5)",0,-0.0835356693576113,0.0658921794384684,-0.212684341057009,0.0456130023417868,413.464614154338
6.86789297658863,"Low plastic (≤0.5)",0,-0.0863824966654057,0.0658878955677912,-0.215522771978277,0.0427577786474651,413.464614154338
7.06688963210702,"Low plastic (≤0.5)",0,-0.0892302588841063,0.0658839674910073,-0.218362835166481,0.0399023173982681,413.464614154338
7.26588628762542,"Low plastic (≤0.5)",0,-0.0920791273709281,0.065880350046289,-0.221204613461655,0.0370463587197984,413.464614154338
7.46488294314381,"Low plastic (≤0.5)",0,-0.0949292806063807,0.0658770071444171,-0.224048214609438,0.0341896533966768,413.464614154338
7.66387959866221,"Low plastic (≤0.5)",0,-0.0977808980467816,0.0658739088162476,-0.226893759326627,0.0313319632330636,413.464614154338
7.8628762541806,"Low plastic (≤0.5)",0,-0.100634161680376,0.0658710331438636,-0.229741386642349,0.0284730632815965,413.464614154338
8.061872909699,"Low plastic (≤0.5)",0,-0.103489254529526,0.0658683635803472,-0.232591247147007,0.0256127380879545,413.464614154338
8.26086956521739,"Low plastic (≤0.5)",0,-0.106346357640382,0.0658658884729651,-0.235443499047394,0.0227507837666295,413.464614154338
8.45986622073579,"Low plastic (≤0.5)",0,-0.109205648800417,0.0658636012373989,-0.238298307225719,0.0198870096248845,413.464614154338
8.65886287625418,"Low plastic (≤0.5)",0,-0.112067304154226,0.0658614974127472,-0.24115583908321,0.017021230774759,413.464614154338
8.85785953177258,"Low plastic (≤0.5)",0,-0.114931489895826,0.0658595758283569,-0.244016258519405,0.0141532787277537,413.464614154338
9.05685618729097,"Low plastic (≤0.5)",0,-0.117798367636143,0.0658578363469087,-0.246879726876084,0.0112829916037979,413.464614154338
9.25585284280936,"Low plastic (≤0.5)",0,-0.120668090063547,0.0658562792356471,-0.249746397365415,0.00841021723832155,413.464614154338
9.45484949832776,"Low plastic (≤0.5)",0,-0.123540794184366,0.0658549053712666,-0.252616408712048,0.00553482034331687,413.464614154338
9.65384615384615,"Low plastic (≤0.5)",0,-0.126416612589934,0.0658537140007207,-0.255489892031347,0.00265666685147828,413.464614154338
9.85284280936455,"Low plastic (≤0.5)",0,-0.129295655142219,0.0658527038237591,-0.258366954636787,-0.000224355647651303,413.464614154338
10.0518394648829,"Low plastic (≤0.5)",0,-0.132178020586435,0.0658518715647865,-0.261247688853417,-0.00310835231945369,413.464614154338
10.2508361204013,"Low plastic (≤0.5)",0,-0.135063792685376,0.06585121174887,-0.264132167713161,-0.00599541765759076,413.464614154338
10.4498327759197,"Low plastic (≤0.5)",0,-0.137953027064029,0.0658507174479694,-0.267020433262048,-0.00888562086600853,413.464614154338
10.6488294314381,"Low plastic (≤0.5)",0,-0.140845772393075,0.0658503787615468,-0.269912514765707,-0.0117790300204436,413.464614154338
10.8478260869565,"Low plastic (≤0.5)",0,-0.143742043744595,0.0658501844159598,-0.272808405199876,-0.0146756822893133,413.464614154338
11.0468227424749,"Low plastic (≤0.5)",0,-0.146641838655791,0.0658501210061905,-0.275708075827924,-0.0175756014836574,413.464614154338
11.2458193979933,"Low plastic (≤0.5)",0,-0.149545135507728,0.0658501732327694,-0.278611475043956,-0.0204787959715002,413.464614154338
11.4448160535117,"Low plastic (≤0.5)",0,-0.152451874236401,0.0658503253552882,-0.281518511932766,-0.0233852365400362,413.464614154338
11.6438127090301,"Low plastic (≤0.5)",0,-0.155361985880109,0.0658505598547714,-0.284429083195461,-0.0262948885647568,413.464614154338
11.8428093645485,"Low plastic (≤0.5)",0,-0.158275360818259,0.0658508596581637,-0.28734304574826,-0.0292076758882581,413.464614154338
12.0418060200669,"Low plastic (≤0.5)",0,-0.161191866763222,0.0658512075662323,-0.290260233593037,-0.0321234999334064,413.464614154338
12.2408026755853,"Low plastic (≤0.5)",0,-0.16411135060677,0.0658515865511559,-0.293180460247036,-0.0350422409665049,413.464614154338
12.4397993311037,"Low plastic (≤0.5)",0,-0.167033614601265,0.0658519816724751,-0.296103498679316,-0.0379637305232135,413.464614154338
12.6387959866221,"Low plastic (≤0.5)",0,-0.169958451056982,0.0658523783186619,-0.299029112561559,-0.0408877895524046,413.464614154338
12.8377926421405,"Low plastic (≤0.5)",0,-0.172885609632271,0.0658527646667848,-0.301957028379169,-0.0438141908853729,413.464614154338
13.0367892976589,"Low plastic (≤0.5)",0,-0.17581481457636,0.0658531308711772,-0.304886951083868,-0.046742678068853,413.464614154338
13.2357859531773,"Low plastic (≤0.5)",0,-0.178745770328982,0.0658534689445355,-0.307818569460272,-0.0496729711976928,413.464614154338
13.4347826086957,"Low plastic (≤0.5)",0,-0.181678135989443,0.0658537746842771,-0.310751534370626,-0.05260473760826,413.464614154338
13.633779264214,"Low plastic (≤0.5)",0,-0.184611560779757,0.0658540452805267,-0.31368548952959,-0.0555376320299247,413.464614154338
13.8327759197324,"Low plastic (≤0.5)",0,-0.187545654749214,0.065854281479809,-0.316620046449639,-0.0584712630487881,413.464614154338
14.0317725752508,"Low plastic (≤0.5)",0,-0.190480003007805,0.0658544864329043,-0.319554796416297,-0.0614052095993122,413.464614154338
14.2307692307692,"Low plastic (≤0.5)",0,-0.193414174261408,0.0658546649911402,-0.322489317644043,-0.0643390308787736,413.464614154338
14.4297658862876,"Low plastic (≤0.5)",0,-0.196347697190108,0.0658548253106044,-0.325423154798893,-0.0672722395813235,413.464614154338
14.628762541806,"Low plastic (≤0.5)",0,-0.199280091860256,0.065854976107456,-0.32835584503087,-0.0702043386896421,413.464614154338
14.8277591973244,"Low plastic (≤0.5)",0,-0.202210847615855,0.0658551282686298,-0.33128689902237,-0.0731347962093407,413.464614154338
15.0267558528428,"Low plastic (≤0.5)",0,-0.205139432899001,0.0658552935895805,-0.334215808334578,-0.076063057463423,413.464614154338
15.2257525083612,"Low plastic (≤0.5)",0,-0.208065304907127,0.0658554837221969,-0.337142053002633,-0.0789885568116209,413.464614154338
15.4247491638796,"Low plastic (≤0.5)",0,-0.210987891681698,0.0658557114689637,-0.340065086160867,-0.081910697202529,413.464614154338
15.623745819398,"Low plastic (≤0.5)",0,-0.213906615061696,0.0658559881863298,-0.342984351906902,-0.0848288782164893,413.464614154338
15.8227424749164,"Low plastic (≤0.5)",0,-0.216820878289868,0.0658563250204223,-0.345899275329896,-0.0877424812498405,413.464614154338
16.0217391304348,"Low plastic (≤0.5)",0,-0.219730071090196,0.0658567318931999,-0.348809265600868,-0.0906508765795242,413.464614154338
16.2207357859532,"Low plastic (≤0.5)",0,-0.222633577999671,0.0658572165066423,-0.35171372235269,-0.0935534336466523,413.464614154338
16.4197324414716,"Low plastic (≤0.5)",0,-0.225530769433655,0.0658577856558093,-0.354612029319041,-0.0964495095482689,413.464614154338
16.61872909699,"Low plastic (≤0.5)",0,-0.228421012963726,0.0658584430961411,-0.357503561432162,-0.0993384644952893,413.464614154338
16.8177257525084,"Low plastic (≤0.5)",0,-0.231303671526576,0.0658591908289988,-0.360387685551414,-0.102219657501738,413.464614154338
17.0167224080268,"Low plastic (≤0.5)",0,-0.234178104459712,0.0658600285692932,-0.363263760455527,-0.105092448463898,413.464614154338
17.2157190635452,"Low plastic (≤0.5)",0,-0.237043671963122,0.0658609530274402,-0.366131139896905,-0.107956204029339,413.464614154338
17.4147157190635,"Low plastic (≤0.5)",0,-0.239899737216612,0.0658619596319393,-0.368989178095213,-0.110810296338011,413.464614154338
17.6137123745819,"Low plastic (≤0.5)",0,-0.242745664520782,0.0658630407690633,-0.371837224428146,-0.113654104613418,413.464614154338
17.8127090301003,"Low plastic (≤0.5)",0,-0.245580827287456,0.0658641874280465,-0.374674634646427,-0.116487019928485,413.464614154338
18.0117056856187,"Low plastic (≤0.5)",0,-0.248404606489657,0.0658653891213094,-0.377500769167423,-0.11930844381189,413.464614154338
18.2107023411371,"Low plastic (≤0.5)",0,-0.251216389200773,0.0658666333062139,-0.380314990480952,-0.122117787920594,413.464614154338
18.4096989966555,"Low plastic (≤0.5)",0,-0.254015582193218,0.0658679076756499,-0.383116681237492,-0.124914483148944,413.464614154338
18.6086956521739,"Low plastic (≤0.5)",0,-0.256801597475891,0.0658691983785711,-0.385905226297891,-0.127697968653892,413.464614154338
18.8076923076923,"Low plastic (≤0.5)",0,-0.259573867794661,0.0658704919784711,-0.388680032072464,-0.130467703516858,413.464614154338
19.0066889632107,"Low plastic (≤0.5)",0,-0.262331844275908,0.0658717755857694,-0.391440524424016,-0.1332231641278,413.464614154338
19.2056856187291,"Low plastic (≤0.5)",0,-0.265074987987719,0.0658730360520482,-0.394186138649733,-0.135963837325705,413.464614154338
19.4046822742475,"Low plastic (≤0.5)",0,-0.267802793653383,0.0658742626389826,-0.396916348425789,-0.138689238880978,413.464614154338
19.6036789297659,"Low plastic (≤0.5)",0,-0.270514764981307,0.0658754448553796,-0.399630636897851,-0.141398893064763,413.464614154338
19.8026755852843,"Low plastic (≤0.5)",0,-0.273210434472019,0.0658765743836826,-0.402328520264037,-0.144092348680001,413.464614154338
20.0016722408027,"Low plastic (≤0.5)",0,-0.275889361882511,0.0658776451546921,-0.405009546385708,-0.146769177379315,413.464614154338
20.2006688963211,"Low plastic (≤0.5)",0,-0.27855111905125,0.0658786520308944,-0.407673277031803,-0.149428961070697,413.464614154338
20.3996655518395,"Low plastic (≤0.5)",0,-0.281195320760438,0.0658795934595421,-0.41031932394114,-0.152071317579735,413.464614154338
20.5986622073579,"Low plastic (≤0.5)",0,-0.28382159364589,0.0658804688710645,-0.412947312633177,-0.154695874658604,413.464614154338
20.7976588628763,"Low plastic (≤0.5)",0,-0.286429596834918,0.0658812802161934,-0.415556906058658,-0.157302287611179,413.464614154338
20.9966555183947,"Low plastic (≤0.5)",0,-0.289019022304426,0.0658820318668254,-0.418147804763404,-0.159890239845448,413.464614154338
21.195652173913,"Low plastic (≤0.5)",0,-0.29158957453051,0.0658827288212823,-0.420719723020223,-0.162459426040797,413.464614154338
21.3946488294314,"Low plastic (≤0.5)",0,-0.294141004444267,0.0658833790332262,-0.42327242734939,-0.165009581539143,413.464614154338
21.5936454849498,"Low plastic (≤0.5)",0,-0.296673076389898,0.0658839906549003,-0.425805698073502,-0.167540454706293,413.464614154338
21.7926421404682,"Low plastic (≤0.5)",0,-0.29918558650565,0.0658845730887745,-0.428319349759648,-0.170051823251652,413.464614154338
21.9916387959866,"Low plastic (≤0.5)",0,-0.301678365259884,0.0658851368196105,-0.430813233426321,-0.172543497093448,413.464614154338
22.190635451505,"Low plastic (≤0.5)",0,-0.30415125453474,0.0658856914578557,-0.433287209792137,-0.175015299277343,413.464614154338
22.3896321070234,"Low plastic (≤0.5)",0,-0.306604140260535,0.0658862477387496,-0.435741185828484,-0.177467094692586,413.464614154338
22.5886287625418,"Low plastic (≤0.5)",0,-0.309036921762073,0.0658868150088693,-0.438175079179457,-0.179898764344689,413.464614154338
22.7876254180602,"Low plastic (≤0.5)",0,-0.311449525710626,0.0658874020032343,-0.440588833636966,-0.182310217784287,413.464614154338
22.9866220735786,"Low plastic (≤0.5)",0,-0.3138419103148,0.0658880168531115,-0.442982423346898,-0.184701397282701,413.464614154338
23.185618729097,"Low plastic (≤0.5)",0,-0.316214042995566,0.0658886653074459,-0.44535582699816,-0.187072258992972,413.464614154338
23.3846153846154,"Low plastic (≤0.5)",0,-0.318565927713628,0.0658893526788597,-0.447709058964193,-0.189422796463063,413.464614154338
23.5836120401338,"Low plastic (≤0.5)",0,-0.32089758018232,0.0658900817975713,-0.45004214050556,-0.191753019859081,413.464614154338
23.7826086956522,"Low plastic (≤0.5)",0,-0.323209036425213,0.0658908538286587,-0.452355109929384,-0.194062962921042,413.464614154338
23.9816053511706,"Low plastic (≤0.5)",0,-0.325500357484683,0.0658916686687051,-0.454648028075345,-0.196352686894021,413.464614154338
24.180602006689,"Low plastic (≤0.5)",0,-0.327771610772529,0.0658925234400212,-0.456920956714971,-0.198622264830088,413.464614154338
24.3795986622074,"Low plastic (≤0.5)",0,-0.330022889216912,0.0658934147050756,-0.459173982038861,-0.200871796394964,413.464614154338
24.5785953177258,"Low plastic (≤0.5)",0,-0.332254294447432,0.0658943367996069,-0.461407194574661,-0.203101394320202,413.464614154338
24.7775919732441,"Low plastic (≤0.5)",0,-0.33446594020753,0.0658952828356683,-0.46362069456544,-0.20531118584962,413.464614154338
24.9765886287625,"Low plastic (≤0.5)",0,-0.336657956180499,0.0658962455230583,-0.465814597405693,-0.207501314955305,413.464614154338
25.1755852842809,"Low plastic (≤0.5)",0,-0.338830475417009,0.0658972157247672,-0.467989018237552,-0.209671932596465,413.464614154338
25.3745819397993,"Low plastic (≤0.5)",0,-0.340983643988228,0.0658981850413275,-0.47014408666923,-0.211823201307226,413.464614154338
25.5735785953177,"Low plastic (≤0.5)",0,-0.343117612667921,0.0658991442235202,-0.472279935346021,-0.213955289989822,413.464614154338
25.7725752508361,"Low plastic (≤0.5)",0,-0.345232536413112,0.0659000842228782,-0.474396701489954,-0.216068371336271,413.464614154338
25.9715719063545,"Low plastic (≤0.5)",0,-0.347328576059003,0.0659009972733063,-0.476494530714683,-0.218162621403322,413.464614154338
26.1705685618729,"Low plastic (≤0.5)",0,-0.349405893072282,0.0659018751795084,-0.478573568424118,-0.220238217720446,413.464614154338
26.3695652173913,"Low plastic (≤0.5)",0,-0.35146465009066,0.0659027120699615,-0.480633965747784,-0.222295334433535,413.464614154338
26.5685618729097,"Low plastic (≤0.5)",0,-0.353505010156639,0.0659035026232048,-0.482675875298121,-0.224334145015158,413.464614154338
26.7675585284281,"Low plastic (≤0.5)",0,-0.355527134014589,0.0659042428734025,-0.484699450046458,-0.22635481798272,413.464614154338
26.9665551839465,"Low plastic (≤0.5)",0,-0.357531178950317,0.0659049313024577,-0.486704844303134,-0.2283575135975,413.464614154338
27.1655518394649,"Low plastic (≤0.5)",0,-0.359517300734923,0.0659055666952281,-0.48869221145757,-0.230342390012276,413.464614154338
27.3645484949833,"Low plastic (≤0.5)",0,-0.361485646932188,0.0659061507192995,-0.490661702342015,-0.232309591522361,413.464614154338
27.5635451505017,"Low plastic (≤0.5)",0,-0.363436361645973,0.0659066859299255,-0.492613466068627,-0.234259257223319,413.464614154338
27.7625418060201,"Low plastic (≤0.5)",0,-0.36536958242081,0.0659071761390259,-0.4945476476533,-0.236191517188319,413.464614154338
27.9615384615385,"Low plastic (≤0.5)",0,-0.36728543626226,0.0659076273600955,-0.496464385888047,-0.238106486636473,413.464614154338
28.1605351170569,"Low plastic (≤0.5)",0,-0.369184047303817,0.0659080453640709,-0.498363816217396,-0.240004278390238,413.464614154338
28.3595317725753,"Low plastic (≤0.5)",0,-0.371065525801365,0.0659084378784816,-0.500246064043189,-0.241884987559541,413.464614154338
28.5585284280936,"Low plastic (≤0.5)",0,-0.372929975804963,0.0659088125780908,-0.502111248458021,-0.243748703151905,413.464614154338
28.757525083612,"Low plastic (≤0.5)",0,-0.374777493046963,0.0659091770875272,-0.503959480138516,-0.24559550595541,413.464614154338
28.9565217391304,"Low plastic (≤0.5)",0,-0.376608158980311,0.0659095398305828,-0.505790857048254,-0.247425460912369,413.464614154338
29.1555183946488,"Low plastic (≤0.5)",0,-0.37842205168857,0.0659099076084545,-0.507605470601141,-0.249238632775999,413.464614154338
29.3545150501672,"Low plastic (≤0.5)",0,-0.380219233897151,0.0659102875117638,-0.509403397420208,-0.251035070374094,413.464614154338
29.5535117056856,"Low plastic (≤0.5)",0,-0.381999761006883,0.0659106851792444,-0.511184703958202,-0.252814818055564,413.464614154338
29.752508361204,"Low plastic (≤0.5)",0,-0.383763680660254,0.0659111046996048,-0.512949445871479,-0.254577915449029,413.464614154338
29.9515050167224,"Low plastic (≤0.5)",0,-0.385511026270626,0.0659115495974302,-0.514697663481589,-0.256324389059662,413.464614154338
30.1505016722408,"Low plastic (≤0.5)",0,-0.387241828198917,0.0659120206765802,-0.516429388725014,-0.25805426767282,413.464614154338
30.3494983277592,"Low plastic (≤0.5)",0,-0.388956103865013,0.0659125179625178,-0.518144639071548,-0.259767568658478,413.464614154338
30.5484949832776,"Low plastic (≤0.5)",0,-0.390653864098285,0.0659130393773366,-0.519843421277865,-0.261464306918705,413.464614154338
30.747491638796,"Low plastic (≤0.5)",0,-0.392335114295762,0.065913580767577,-0.521525732600213,-0.263144495991311,413.464614154338
30.9464882943144,"Low plastic (≤0.5)",0,-0.393999849219992,0.0659141372760591,-0.523191558281068,-0.264808140158916,413.464614154338
31.1454849498328,"Low plastic (≤0.5)",0,-0.395648061569739,0.0659147014125451,-0.524840876338328,-0.266455246801151,413.464614154338
31.3444816053512,"Low plastic (≤0.5)",0,-0.39727973647462,0.0659152653069296,-0.526473656476202,-0.268085816473038,413.464614154338
31.5434782608696,"Low plastic (≤0.5)",0,-0.398894854947797,0.0659158197163277,-0.528089861591799,-0.269699848303795,413.464614154338
31.742474916388,"Low plastic (≤0.5)",0,-0.400493395898687,0.0659163541657131,-0.529689450063485,-0.271297341733889,413.464614154338
31.9414715719064,"Low plastic (≤0.5)",0,-0.402075333865161,0.0659168587841422,-0.53127237708208,-0.272878290648242,413.464614154338
32.1404682274247,"Low plastic (≤0.5)",0,-0.40364064276802,0.0659173223137201,-0.532838594502912,-0.274442691033129,413.464614154338
32.3394648829431,"Low plastic (≤0.5)",0,-0.405189295922473,0.0659177346819115,-0.53438805589902,-0.275990535945927,413.464614154338
32.5384615384615,"Low plastic (≤0.5)",0,-0.406721266298247,0.0659180860992188,-0.535920715052716,-0.277521817543778,413.464614154338
32.7374581939799,"Low plastic (≤0.5)",0,-0.408236528284571,0.0659183670650643,-0.537436527732097,-0.279036528837044,413.464614154338
32.9364548494983,"Low plastic (≤0.5)",0,-0.409735059507955,0.0659185705016531,-0.538935457691195,-0.280534661324714,413.464614154338
33.1354515050167,"Low plastic (≤0.5)",0,-0.411216838626251,0.0659186894005098,-0.54041746985125,-0.282016207401252,413.464614154338
33.3344481605351,"Low plastic (≤0.5)",0,-0.412681850750066,0.0659187194306985,-0.541882540834235,-0.283481160665897,413.464614154338
33.5334448160535,"Low plastic (≤0.5)",0,-0.414130085013107,0.0659186579130431,-0.543330654522672,-0.284929515503543,413.464614154338
33.7324414715719,"Low plastic (≤0.5)",0,-0.415561534985501,0.065918503418547,-0.544761801685853,-0.286361268285149,413.464614154338
33.9314381270903,"Low plastic (≤0.5)",0,-0.416976204922086,0.0659182578912007,-0.54617599038884,-0.287776419455333,413.464614154338
34.1304347826087,"Low plastic (≤0.5)",0,-0.418374101690083,0.0659179238757183,-0.547573232486491,-0.289174970893675,413.464614154338
34.3294314381271,"Low plastic (≤0.5)",0,-0.419755244415624,0.0659175068012465,-0.548953557746067,-0.290556931085181,413.464614154338
34.5284280936455,"Low plastic (≤0.5)",0,-0.421119660386143,0.0659170138024607,-0.550317007438966,-0.29192231333332,413.464614154338
34.7274247491639,"Low plastic (≤0.5)",0,-0.422467383349053,0.0659164528493207,-0.551663630933721,-0.293271135764384,413.464614154338
34.9264214046823,"Low plastic (≤0.5)",0,-0.423798463617093,0.0659158346243718,-0.552993499480862,-0.294603427753324,413.464614154338
35.1254180602007,"Low plastic (≤0.5)",0,-0.42511295537789,0.0659151695851708,-0.554306687764824,-0.295919222990955,413.464614154338
35.3244147157191,"Low plastic (≤0.5)",0,-0.426410928662804,0.0659144697629383,-0.555603289398163,-0.297218567927445,413.464614154338
35.5234113712375,"Low plastic (≤0.5)",0,-0.427692464772207,0.0659137476069856,-0.556883410081899,-0.298501519462515,413.464614154338
35.7224080267559,"Low plastic (≤0.5)",0,-0.428957652273426,0.0659130148585633,-0.55814716139621,-0.299768143150641,413.464614154338
35.9214046822743,"Low plastic (≤0.5)",0,-0.430206599564983,0.0659122841961464,-0.55939467658943,-0.301018522540536,413.464614154338
36.1204013377926,"Low plastic (≤0.5)",0,-0.431439419660991,0.0659115665157351,-0.560626090031832,-0.30225274929015,413.464614154338
36.319397993311,"Low plastic (≤0.5)",0,-0.432656242325813,0.0659108724012525,-0.561841552232268,-0.303470932419358,413.464614154338
36.5183946488294,"Low plastic (≤0.5)",0,-0.433857210052166,0.0659102112528959,-0.563041224107842,-0.30467319599649,413.464614154338
36.7173913043478,"Low plastic (≤0.5)",0,-0.435042472223217,0.0659095902226732,-0.564225269059657,-0.305859675386777,413.464614154338
36.9163879598662,"Low plastic (≤0.5)",0,-0.436212198190082,0.0659090158833952,-0.565393869321537,-0.307030527058628,413.464614154338
37.1153846153846,"Low plastic (≤0.5)",0,-0.437366562009731,0.0659084919537021,-0.566547206238987,-0.308185917780475,413.464614154338
37.314381270903,"Low plastic (≤0.5)",0,-0.438505752797471,0.0659080207758019,-0.567685473518043,-0.309326032076899,413.464614154338
37.5133779264214,"Low plastic (≤0.5)",0,-0.439629971892576,0.0659076028940977,-0.568808873565007,-0.310451070220144,413.464614154338
37.7123745819398,"Low plastic (≤0.5)",0,-0.440739426200754,0.0659072362110616,-0.569917609174435,-0.311561243227073,413.464614154338
37.9113712374582,"Low plastic (≤0.5)",0,-0.441834339687933,0.065906917982311,-0.571011898933263,-0.312656780442604,413.464614154338
38.1103678929766,"Low plastic (≤0.5)",0,-0.442914940431594,0.0659066428891721,-0.572091960494371,-0.313737920368816,413.464614154338
38.309364548495,"Low plastic (≤0.5)",0,-0.443981467815619,0.0659064047542234,-0.573158021133897,-0.314804914497341,413.464614154338
38.5083612040134,"Low plastic (≤0.5)",0,-0.44503417102776,0.0659061965286684,-0.57421031622395,-0.31585802583157,413.464614154338
38.7073578595318,"Low plastic (≤0.5)",0,-0.446073302908753,0.0659060095317714,-0.575249081591025,-0.316897524226481,413.464614154338
38.9063545150502,"Low plastic (≤0.5)",0,-0.447099128038115,0.0659058358745819,-0.576274566352295,-0.317923689723934,413.464614154338
39.1053511705686,"Low plastic (≤0.5)",0,-0.448111913897247,0.0659056665426736,-0.577287020320887,-0.318936807473607,413.464614154338
39.304347826087,"Low plastic (≤0.5)",0,-0.449111934303725,0.0659054932780398,-0.578286701128683,-0.319937167478767,413.464614154338
39.5033444816054,"Low plastic (≤0.5)",0,-0.45009946894322,0.0659053087530221,-0.579273874099144,-0.320925063787297,413.464614154338
39.7023411371237,"Low plastic (≤0.5)",0,-0.451074799044161,0.0659051055738098,-0.580248805968828,-0.321900792119494,413.464614154338
39.9013377926421,"Low plastic (≤0.5)",0,-0.452038210861017,0.0659048789310024,-0.581211773565782,-0.322864648156253,413.464614154338
40.1003344481605,"Low plastic (≤0.5)",0,-0.45298999189172,0.0659046243864757,-0.582163055689212,-0.323816928094228,413.464614154338
40.2993311036789,"Low plastic (≤0.5)",0,-0.453930430733416,0.0659043396030624,-0.583102936355419,-0.324757925111414,413.464614154338
40.4983277591973,"Low plastic (≤0.5)",0,-0.454859817070492,0.0659040244523557,-0.584031704997109,-0.325687929143874,413.464614154338
40.6973244147157,"Low plastic (≤0.5)",0,-0.45577844017443,0.0659036795552384,-0.584949652102697,-0.326607228246162,413.464614154338
40.8963210702341,"Low plastic (≤0.5)",0,-0.456686587432836,0.0659033087863041,-0.585857072653992,-0.32751610221168,413.464614154338
41.0953177257525,"Low plastic (≤0.5)",0,-0.457584545611446,0.0659029167367681,-0.586754262415511,-0.32841482880738,413.464614154338
41.2943143812709,"Low plastic (≤0.5)",0,-0.458472597943125,0.0659025099909484,-0.587641517525384,-0.329303678360866,413.464614154338
41.4933110367893,"Low plastic (≤0.5)",0,-0.459351023928828,0.0659020970589507,-0.588519134164372,-0.330182913693285,413.464614154338
41.6923076923077,"Low plastic (≤0.5)",0,-0.460220101113703,0.0659016865280705,-0.589387406708721,-0.331052795518685,413.464614154338
41.8913043478261,"Low plastic (≤0.5)",0,-0.46108009917987,0.0659012891614467,-0.590246625936306,-0.331913572423435,413.464614154338
42.0903010033445,"Low plastic (≤0.5)",0,-0.461931285395872,0.0659009153156819,-0.591097079414608,-0.332765491377135,413.464614154338
42.2892976588629,"Low plastic (≤0.5)",0,-0.462773920112043,0.0659005757382927,-0.591939048559097,-0.333608791664989,413.464614154338
42.4882943143813,"Low plastic (≤0.5)",0,-0.463608255873518,0.0659002814426118,-0.592772807501037,-0.334443704245999,413.464614154338
42.6872909698997,"Low plastic (≤0.5)",0,-0.464434542281898,0.0659000418046581,-0.593598624219028,-0.335270460344768,413.464614154338
42.8862876254181,"Low plastic (≤0.5)",0,-0.465253016881524,0.0658998663286318,-0.594416754885642,-0.336089278877405,413.464614154338
43.0852842809365,"Low plastic (≤0.5)",0,-0.466063913358694,0.0658997623934302,-0.595227447649817,-0.336900379067571,413.464614154338
43.2842809364548,"Low plastic (≤0.5)",0,-0.466867456669592,0.0658997358528529,-0.596030938941184,-0.337703974398,413.464614154338
43.4832775919732,"Low plastic (≤0.5)",0,-0.467663861249984,0.065899791127174,-0.596827451859245,-0.338500270640723,413.464614154338
43.6822742474916,"Low plastic (≤0.5)",0,-0.468453338188067,0.0658999295721201,-0.597617200149423,-0.339289476226712,413.464614154338
43.88127090301,"Low plastic (≤0.5)",0,-0.469236084551717,0.0659001512830605,-0.598400381066515,-0.340071788036919,413.464614154338
44.0802675585284,"Low plastic (≤0.5)",0,-0.470012292671113,0.0659004533520099,-0.599177181241052,-0.340847404101174,413.464614154338
44.2792642140468,"Low plastic (≤0.5)",0,-0.470782145907082,0.0659008306289524,-0.599947773939828,-0.341616517874335,413.464614154338
44.4782608695652,"Low plastic (≤0.5)",0,-0.471545816074215,0.0659012762758301,-0.600712317574842,-0.342379314573589,413.464614154338
44.6772575250836,"Low plastic (≤0.5)",0,-0.472303471753729,0.0659017804431051,-0.601470961422215,-0.343135982085243,413.464614154338
44.876254180602,"Low plastic (≤0.5)",0,-0.473055267773424,0.065902332500339,-0.602223839474088,-0.343886696072759,413.464614154338
45.0752508361204,"Low plastic (≤0.5)",0,-0.47380135402771,0.0659029196487711,-0.602971076539302,-0.344631631516119,413.464614154338
45.2742474916388,"Low plastic (≤0.5)",0,-0.474541872500135,0.0659035279684085,-0.603712787318215,-0.345370957682054,413.464614154338
45.4732441471572,"Low plastic (≤0.5)",0,-0.475276954294671,0.0659041434667864,-0.604449075489573,-0.34610483309977,413.464614154338
45.6722408026756,"Low plastic (≤0.5)",0,-0.476006727785577,0.0659047507522776,-0.60518003926004,-0.346833416311113,413.464614154338
45.871237458194,"Low plastic (≤0.5)",0,-0.476731309694949,0.0659053357689285,-0.605905767802049,-0.347556851587849,413.464614154338
46.0702341137124,"Low plastic (≤0.5)",0,-0.477450812295841,0.0659058843869694,-0.606626345694301,-0.348275278897381,413.464614154338
46.2692307692308,"Low plastic (≤0.5)",0,-0.478165341855896,0.0659063835006255,-0.607341853517122,-0.34898883019467,413.464614154338
46.4682274247492,"Low plastic (≤0.5)",0,-0.478874995818813,0.065906822338903,-0.608052367603063,-0.349697624034564,413.464614154338
46.6672240802676,"Low plastic (≤0.5)",0,-0.479579869633222,0.0659071907197847,-0.608757963444,-0.350401775822443,413.464614154338
46.866220735786,"Low plastic (≤0.5)",0,-0.480280050366429,0.0659074819540828,-0.609458714996431,-0.351101385736427,413.464614154338
47.0652173913044,"Low plastic (≤0.5)",0,-0.480975621674108,0.0659076911035187,-0.610154696237005,-0.351796547111212,413.464614154338
47.2642140468227,"Low plastic (≤0.5)",0,-0.48166666344901,0.0659078157147556,-0.610845982249931,-0.352487344648089,413.464614154338
47.4632107023411,"Low plastic (≤0.5)",0,-0.482353249677269,0.0659078570310465,-0.61153264945812,-0.353173849896418,413.464614154338
47.6622073578595,"Low plastic (≤0.5)",0,-0.483035453157535,0.0659078176658103,-0.612214775782523,-0.353856130532547,413.464614154338
47.8612040133779,"Low plastic (≤0.5)",0,-0.483713341977491,0.0659077041553073,-0.612892442121893,-0.354534241833089,413.464614154338
48.0602006688963,"Low plastic (≤0.5)",0,-0.484386982179703,0.0659075248917478,-0.613565730967529,-0.355208233391877,413.464614154338
48.2591973244147,"Low plastic (≤0.5)",0,-0.485056438162215,0.0659072902534494,-0.614234727058975,-0.355878149265454,413.464614154338
48.4581939799331,"Low plastic (≤0.5)",0,-0.485721771567521,0.0659070134826518,-0.614899517993518,-0.356544025141523,413.464614154338
48.6571906354515,"Low plastic (≤0.5)",0,-0.486383043596369,0.0659067080549496,-0.61556019138407,-0.357205895808668,413.464614154338
48.8561872909699,"Low plastic (≤0.5)",0,-0.487040314096817,0.0659063895858585,-0.616216837685099,-0.357863790508534,413.464614154338
49.0551839464883,"Low plastic (≤0.5)",0,-0.487693642293501,0.0659060737877386,-0.616869546917469,-0.358517737669533,413.464614154338
49.2541806020067,"Low plastic (≤0.5)",0,-0.488343087426934,0.0659057761671877,-0.617518408714622,-0.359167766139246,413.464614154338
49.4531772575251,"Low plastic (≤0.5)",0,-0.488988708772253,0.0659055126678502,-0.61816351360124,-0.359813903943267,413.464614154338
49.6521739130435,"Low plastic (≤0.5)",0,-0.489630565749282,0.065905297283878,-0.618804948425682,-0.360456183072881,413.464614154338
49.8511705685619,"Low plastic (≤0.5)",0,-0.49026871894716,0.065905143528408,-0.61944280026284,-0.361094637631481,413.464614154338
50.0501672240803,"Low plastic (≤0.5)",0,-0.490903229542019,0.0659050628765472,-0.620077152780051,-0.361729306303986,413.464614154338
50.2491638795987,"Low plastic (≤0.5)",0,-0.49153415975878,0.0659050645144204,-0.620708086207044,-0.362360233310516,413.464614154338
50.4481605351171,"Low plastic (≤0.5)",0,-0.492161573839634,0.0659051561733831,-0.621335679939464,-0.362987467739803,413.464614154338
50.6471571906355,"Low plastic (≤0.5)",0,-0.492785536544072,0.0659053423874586,-0.621960007623491,-0.363611065464653,413.464614154338
50.8461538461538,"Low plastic (≤0.5)",0,-0.493406115220443,0.0659056261314191,-0.622581142438024,-0.364231088002861,413.464614154338
51.0451505016722,"Low plastic (≤0.5)",0,-0.494023378598307,0.0659060079983162,-0.623199154275007,-0.364847602921608,413.464614154338
51.2441471571906,"Low plastic (≤0.5)",0,-0.494637396851867,0.0659064864085314,-0.623814110212588,-0.365460683491146,413.464614154338
51.443143812709,"Low plastic (≤0.5)",0,-0.495248243119759,0.0659070591247456,-0.62442607900426,-0.366070407235257,413.464614154338
51.6421404682274,"Low plastic (≤0.5)",0,-0.495855991203631,0.06590772204607,-0.625035126413928,-0.366676855993334,413.464614154338
51.8411371237458,"Low plastic (≤0.5)",0,-0.49646071780705,0.0659084715654231,-0.625641322075279,-0.367280113538821,413.464614154338
52.0401337792642,"Low plastic (≤0.5)",0,-0.497062501286926,0.0659093043141513,-0.626244737742663,-0.36788026483119,413.464614154338
52.2391304347826,"Low plastic (≤0.5)",0,-0.497661421316185,0.0659102177799127,-0.626845448164813,-0.368477394467556,413.464614154338
52.438127090301,"Low plastic (≤0.5)",0,-0.498257560448173,0.065911212669638,-0.627443537280663,-0.369071583615682,413.464614154338
52.6371237458194,"Low plastic (≤0.5)",0,-0.498851001839412,0.0659122916325937,-0.628039093439296,-0.369662910239528,413.464614154338
52.8361204013378,"Low plastic (≤0.5)",0,-0.499441830958694,0.0659134623344302,-0.628632217134177,-0.37025144478321,413.464614154338
53.0351170568562,"Low plastic (≤0.5)",0,-0.500030134682465,0.0659147372540731,-0.629223019700448,-0.370837249664481,413.464614154338
53.2341137123746,"Low plastic (≤0.5)",0,-0.500616000728735,0.0659161341530517,-0.629811623668716,-0.371420377788754,413.464614154338
53.433110367893,"Low plastic (≤0.5)",0,-0.501199518774639,0.065917678886709,-0.630398169392588,-0.372000868156689,413.464614154338
53.6321070234114,"Low plastic (≤0.5)",0,-0.501780778880001,0.0659194033671725,-0.630982809479659,-0.372578748280343,413.464614154338
53.8311036789298,"Low plastic (≤0.5)",0,-0.502359872243444,0.0659213486584513,-0.631565715614009,-0.37315402887288,413.464614154338
54.0301003344482,"Low plastic (≤0.5)",0,-0.502936890804257,0.0659235642683625,-0.632147076770248,-0.373726704838267,413.464614154338
54.2290969899666,"Low plastic (≤0.5)",0,-0.503511926709456,0.0659261077838175,-0.632727097965739,-0.374296755453174,413.464614154338
54.4280936454849,"Low plastic (≤0.5)",0,-0.504085072605909,0.0659290472748875,-0.633306005264688,-0.374864139947129,413.464614154338
54.6270903010033,"Low plastic (≤0.5)",0,-0.504656421197016,0.0659324582784331,-0.633884039422745,-0.375428802971287,413.464614154338
54.8260869565217,"Low plastic (≤0.5)",0,-0.505226064897811,0.0659364259072207,-0.634461459675963,-0.375990670119658,413.464614154338
55.0250836120401,"Low plastic (≤0.5)",0,-0.505794095922272,0.065941043390152,-0.63503854096697,-0.376549650877574,413.464614154338
55.2240802675585,"Low plastic (≤0.5)",0,-0.50636060604673,0.0659464106110743,-0.635615570844435,-0.377105641249024,413.464614154338
55.4230769230769,"Low plastic (≤0.5)",0,-0.506925685853235,0.0659526352781466,-0.636192850998403,-0.377658520708068,413.464614154338
55.6220735785953,"Low plastic (≤0.5)",0,-0.507489425599088,0.0659598294417556,-0.636770691304929,-0.378208159893247,413.464614154338
55.8210702341137,"Low plastic (≤0.5)",0,-0.5080519138255,0.0659681100077241,-0.637349409440639,-0.37875441821036,413.464614154338
56.0200668896321,"Low plastic (≤0.5)",0,-0.508613237797852,0.0659775967790164,-0.637929327484724,-0.37929714811098,413.464614154338
56.2190635451505,"Low plastic (≤0.5)",0,-0.509173483770335,0.0659884103589047,-0.638510768073788,-0.379836199466882,413.464614154338
56.4180602006689,"Low plastic (≤0.5)",0,-0.509732735089571,0.0660006719152812,-0.639094052043522,-0.380371418135619,413.464614154338
56.6170568561873,"Low plastic (≤0.5)",0,-0.510291074373385,0.0660145001963631,-0.639679494758257,-0.380902653988513,413.464614154338
56.8160535117057,"Low plastic (≤0.5)",0,-0.510848581218963,0.0660300108177512,-0.640267402421755,-0.381429760016171,413.464614154338
57.0150501672241,"Low plastic (≤0.5)",0,-0.511405332824659,0.066047314472579,-0.640858069190913,-0.381952596458404,413.464614154338
57.2140468227425,"Low plastic (≤0.5)",0,-0.511961404891578,0.0660665151352141,-0.641451774556598,-0.382471035226559,413.464614154338
57.4130434782609,"Low plastic (≤0.5)",0,-0.512516868552362,0.0660877093169973,-0.642048778813677,-0.382984958291047,413.464614154338
57.6120401337793,"Low plastic (≤0.5)",0,-0.513071793787745,0.0661109842541859,-0.642649322925949,-0.38349426464954,413.464614154338
57.8110367892977,"Low plastic (≤0.5)",0,-0.513626246363485,0.0661364173572026,-0.643253624383603,-0.383998868343368,413.464614154338
58.0100334448161,"Low plastic (≤0.5)",0,-0.514180288469865,0.0661640753484373,-0.643861876152803,-0.384498700786928,413.464614154338
58.2090301003345,"Low plastic (≤0.5)",0,-0.514733980364952,0.0661940134424257,-0.644474246712106,-0.384993714017798,413.464614154338
58.4080267558528,"Low plastic (≤0.5)",0,-0.515287376049867,0.0662262759765289,-0.645090876963863,-0.38548387513587,413.464614154338
58.6070234113712,"Low plastic (≤0.5)",0,-0.515840527902019,0.0662608953719533,-0.645711882831047,-0.38596917297299,413.464614154338
58.8060200668896,"Low plastic (≤0.5)",0,-0.516393482885398,0.0662978935865884,-0.646337354315112,-0.386449611455685,413.464614154338
59.005016722408,"Low plastic (≤0.5)",0,-0.516946283059273,0.0663372826744796,-0.646967357101253,-0.386925209017293,413.464614154338
59.2040133779264,"Low plastic (≤0.5)",0,-0.517498968105306,0.0663790645754709,-0.647601934673229,-0.387396001537383,413.464614154338
59.4030100334448,"Low plastic (≤0.5)",0,-0.518051569544571,0.0664232355016759,-0.648241111127856,-0.387862027961286,413.464614154338
59.6020066889632,"Low plastic (≤0.5)",0,-0.518604116694737,0.0664697838843784,-0.648884893108118,-0.388323340281355,413.464614154338
59.8010033444816,"Low plastic (≤0.5)",0,-0.519156632106754,0.0665186953742267,-0.649533275040238,-0.38877998917327,413.464614154338
60,"Low plastic (≤0.5)",0,-0.51970913178376,0.0665699549676746,-0.650186243520402,-0.389232020047118,413.464614154338
0.5,"High plastic (>0.5)",0,-0.0127012579724989,0.0420201893305423,-0.0950608290603618,0.0696583131153641,413.464614154338
0.698996655518395,"High plastic (>0.5)",0,-0.0143637047003739,0.0419820687679736,-0.0966485594856021,0.0679211500848543,413.464614154338
0.897993311036789,"High plastic (>0.5)",0,-0.0160262058896535,0.0419456629439817,-0.0982397052598577,0.0661872934805506,413.464614154338
1.09698996655518,"High plastic (>0.5)",0,-0.0176888168107977,0.0419109839481075,-0.0998343453490883,0.064456711727493,413.464614154338
1.29598662207358,"High plastic (>0.5)",0,-0.0193516124920044,0.0418780434927448,-0.101432577737784,0.0627293527537754,413.464614154338
1.49498327759197,"High plastic (>0.5)",0,-0.0210146883797295,0.0418468513408152,-0.103034517007727,0.0610051402482683,413.464614154338
1.69397993311037,"High plastic (>0.5)",0,-0.0226781454593273,0.0418174115033507,-0.104640272005895,0.05928398108724,413.464614154338
1.89297658862876,"High plastic (>0.5)",0,-0.0243421045523383,0.0417897238546554,-0.106249963307463,0.0575657542027863,413.464614154338
2.09197324414716,"High plastic (>0.5)",0,-0.0260066921266846,0.0417637807838462,-0.107863702463023,0.0558503182096539,413.464614154338
2.29096989966555,"High plastic (>0.5)",0,-0.0276720428949691,0.0417395673710969,-0.109481594942319,0.0541375091523808,413.464614154338
2.48996655518395,"High plastic (>0.5)",0,-0.0293383006695493,0.0417170609782344,-0.111103740186889,0.0524271388477901,413.464614154338
2.68896321070234,"High plastic (>0.5)",0,-0.0310056107348904,0.041696230115113,-0.112730221760512,0.050719000290731,413.464614154338
2.88795986622074,"High plastic (>0.5)",0,-0.032674123041435,0.0416770352468699,-0.1143611121253,0.0490128660424299,413.464614154338
3.08695652173913,"High plastic (>0.5)",0,-0.0343439888494486,0.041659428289339,-0.115996468296553,0.0473084905976559,413.464614154338
3.28595317725753,"High plastic (>0.5)",0,-0.0360153579483895,0.0416433532126119,-0.117636330245109,0.0456056143483299,413.464614154338
3.48494983277592,"High plastic (>0.5)",0,-0.0376883783935694,0.0416287466853174,-0.119280721896792,0.0439039651096526,413.464614154338
3.68394648829431,"High plastic (>0.5)",0,-0.0393631964446759,0.0416155384669609,-0.120929651839919,0.0422032589505676,413.464614154338
3.88294314381271,"High plastic (>0.5)",0,-0.0410399498435181,0.0416036527457452,-0.122583109225179,0.0405032095381425,413.464614154338
4.0819397993311,"High plastic (>0.5)",0,-0.0427187734140287,0.0415930086998456,-0.124241070465726,0.0388035236376686,413.464614154338
4.2809364548495,"High plastic (>0.5)",0,-0.044399792923598,0.0415835218125898,-0.125903495676274,0.037103909829078,413.464614154338
4.47993311036789,"High plastic (>0.5)",0,-0.0460831227342848,0.0415751051999258,-0.127570328926139,0.0354040834575697,413.464614154338
4.67892976588629,"High plastic (>0.5)",0,-0.0477688729803513,0.041567670156062,-0.129241506486233,0.0337037605255303,413.464614154338
4.87792642140468,"High plastic (>0.5)",0,-0.0494571348137074,0.0415611283294353,-0.130916946339401,0.0320026767119857,413.464614154338
5.07692307692308,"High plastic (>0.5)",0,-0.0511479926438152,0.0415553919357627,-0.13259656083791,0.0303005755502796,413.464614154338
5.27591973244147,"High plastic (>0.5)",0,-0.0528415166160636,0.041550375290714,-0.134280252185863,0.0285972189537358,413.464614154338
5.47491638795987,"High plastic (>0.5)",0,-0.0545377576848639,0.0415459962536963,-0.135967910342109,0.0268923949723808,413.464614154338
5.67391304347826,"High plastic (>0.5)",0,-0.0562367609914246,0.0415421758865383,-0.13765942572904,0.0251859037461904,413.464614154338
5.87290969899666,"High plastic (>0.5)",0,-0.0579385455407352,0.0415388409780887,-0.139354673857789,0.0234775827763186,413.464614154338
6.07190635451505,"High plastic (>0.5)",0,-0.0596431205050325,0.0415359232290494,-0.141053530033969,0.0217672890239043,413.464614154338
6.27090301003344,"High plastic (>0.5)",0,-0.0613504780368195,0.0415333603127735,-0.142755864249856,0.0200549081762166,413.464614154338
6.46989966555184,"High plastic (>0.5)",0,-0.0630605858222398,0.0415310969401164,-0.144461535824868,0.0183403641803884,413.464614154338
6.66889632107023,"High plastic (>0.5)",0,-0.0647734049663587,0.0415290833479209,-0.146170408328284,0.0166235983955664,413.464614154338
6.86789297658863,"High plastic (>0.5)",0,-0.0664888669070208,0.0415272774676253,-0.147882330743566,0.0149045969295247,413.464614154338
7.06688963210702,"High plastic (>0.5)",0,-0.0682068912036655,0.0415256431984018,-0.149597151872533,0.013183369465202,413.464614154338
7.26588628762542,"High plastic (>0.5)",0,-0.0699273799535254,0.0415241506579567,-0.15131471524312,0.0114599553360697,413.464614154338
7.46488294314381,"High plastic (>0.5)",0,-0.0716502084298658,0.0415227766825416,-0.153034850727647,0.00973443386791585,413.464614154338
7.66387959866221,"High plastic (>0.5)",0,-0.073375245302859,0.0415215025913722,-0.154757390381948,0.00800689977623048,413.464614154338
7.8628762541806,"High plastic (>0.5)",0,-0.0751023296280413,0.0415203156258264,-0.156482148254661,0.00627748899857852,413.464614154338
8.061872909699,"High plastic (>0.5)",0,-0.0768312878150609,0.0415192069192456,-0.158208933376782,0.00454635774666044,413.464614154338
8.26086956521739,"High plastic (>0.5)",0,-0.0785619303417409,0.0415181711342134,-0.159937545764799,0.00281368508131746,413.464614154338
8.45986622073579,"High plastic (>0.5)",0,-0.0802940415332758,0.0415172065828407,-0.161667766435644,0.00107968336909202,413.464614154338
8.65886287625418,"High plastic (>0.5)",0,-0.0820273997277128,0.0415163130100162,-0.163399373227345,-0.000655426228080971,413.464614154338
8.85785953177258,"High plastic (>0.5)",0,-0.0837617568889569,0.04151549247005,-0.165132122130255,-0.00239139164765903,413.464614154338
9.05685618729097,"High plastic (>0.5)",0,-0.0854968529564783,0.0415147476250237,-0.166865758301525,-0.00412794761143193,413.464614154338
9.25585284280936,"High plastic (>0.5)",0,-0.0872324149474024,0.041514081277391,-0.168600014251089,-0.00586481564371609,413.464614154338
9.45484949832776,"High plastic (>0.5)",0,-0.0889681472126266,0.041513496525344,-0.170334600402301,-0.00760169402295224,413.464614154338
9.65384615384615,"High plastic (>0.5)",0,-0.0907037492359985,0.0415129950787829,-0.172069219590413,-0.00933827888158402,413.464614154338
9.85284280936455,"High plastic (>0.5)",0,-0.092438899859515,0.0415125780863371,-0.173803552908736,-0.0110742468102943,413.464614154338
10.0518394648829,"High plastic (>0.5)",0,-0.0941732678714683,0.0415122450580476,-0.175537268185242,-0.0128092675576949,413.464614154338
10.2508361204013,"High plastic (>0.5)",0,-0.0959065130503886,0.0415119937066419,-0.177270020715407,-0.0145430053853705,413.464614154338
10.4498327759197,"High plastic (>0.5)",0,-0.0976382782952299,0.0415118205207885,-0.179001446515975,-0.0162751100744845,413.464614154338
10.6488294314381,"High plastic (>0.5)",0,-0.099368203113793,0.0415117196149542,-0.180731173559103,-0.0180052326684828,413.464614154338
10.8478260869565,"High plastic (>0.5)",0,-0.101095913700909,0.0415116839582418,-0.182458814259062,-0.0197330131427546,413.464614154338
11.0468227424749,"High plastic (>0.5)",0,-0.102821029323478,0.041511704797322,-0.18418397072623,-0.0214580879207273,413.464614154338
11.2458193979933,"High plastic (>0.5)",0,-0.10454316447431,0.0415117718440307,-0.18590623728861,-0.0231800916600101,413.464614154338
11.4448160535117,"High plastic (>0.5)",0,-0.106261924108582,0.0415118743911665,-0.187625197915268,-0.0248986503018954,413.464614154338
11.6438127090301,"High plastic (>0.5)",0,-0.107976911469722,0.0415120002878984,-0.189340432034002,-0.0266133909054408,413.464614154338
11.8428093645485,"High plastic (>0.5)",0,-0.109687724444921,0.0415121376501054,-0.191051514239127,-0.0283239346507141,413.464614154338
12.0418060200669,"High plastic (>0.5)",0,-0.111393957946071,0.0415122744203188,-0.192758015809896,-0.0300299000822467,413.464614154338
12.2408026755853,"High plastic (>0.5)",0,-0.113095206156397,0.0415123985981552,-0.194459507408781,-0.0317309049040131,413.464614154338
12.4397993311037,"High plastic (>0.5)",0,-0.114791061747357,0.0415124997146132,-0.196155561187999,-0.033426562306715,413.464614154338
12.6387959866221,"High plastic (>0.5)",0,-0.116481117414462,0.0415125674812074,-0.197845749677628,-0.0351164851512952,413.464614154338
12.8377926421405,"High plastic (>0.5)",0,-0.11816496816607,0.0415125936853811,-0.199529651789417,-0.0368002845427229,413.464614154338
13.0367892976589,"High plastic (>0.5)",0,-0.11984221039477,0.0415125715706348,-0.201206850673214,-0.0384775701163262,413.464614154338
13.2357859531773,"High plastic (>0.5)",0,-0.121512443225191,0.0415124957497246,-0.202876934894652,-0.0401479515557311,413.464614154338
13.4347826086957,"High plastic (>0.5)",0,-0.123175272100219,0.041512363695311,-0.204539504943029,-0.0418110392574097,413.464614154338
13.633779264214,"High plastic (>0.5)",0,-0.124830304144679,0.0415121739069935,-0.206194165002386,-0.0434664432869714,413.464614154338
13.8327759197324,"High plastic (>0.5)",0,-0.126477155422624,0.0415119275860035,-0.207840533491191,-0.0451137773540576,413.464614154338
14.0317725752508,"High plastic (>0.5)",0,-0.128115447693531,0.0415116277617938,-0.209478238106647,-0.0467526572804155,413.464614154338
14.2307692307692,"High plastic (>0.5)",0,-0.129744808076878,0.0415112787602648,-0.211106914446997,-0.0483827017067589,413.464614154338
14.4297658862876,"High plastic (>0.5)",0,-0.131364876868652,0.0415108874536494,-0.212726216277805,-0.0500035374594993,413.464614154338
14.628762541806,"High plastic (>0.5)",0,-0.132975297511618,0.0415104611624281,-0.214335801389977,-0.0516147936332588,413.464614154338
14.8277591973244,"High plastic (>0.5)",0,-0.134575727449267,0.0415100089056707,-0.215935344904381,-0.053216109994152,413.464614154338
15.0267558528428,"High plastic (>0.5)",0,-0.136165833653704,0.0415095404482507,-0.217524532932275,-0.0548071343751324,413.464614154338
15.2257525083612,"High plastic (>0.5)",0,-0.137745290152955,0.0415090655013244,-0.21910305853555,-0.0563875217703588,413.464614154338
15.4247491638796,"High plastic (>0.5)",0,-0.139313789454434,0.0415085947285029,-0.220670635122299,-0.057956943786568,413.464614154338
15.623745819398,"High plastic (>0.5)",0,-0.140871028393503,0.0415081377668073,-0.222226978416445,-0.0595150783705606,413.464614154338
15.8227424749164,"High plastic (>0.5)",0,-0.142416721043653,0.0415077041743613,-0.223771821225401,-0.0610616208619046,413.464614154338
16.0217391304348,"High plastic (>0.5)",0,-0.143950594012768,0.0415073026670459,-0.225304907240178,-0.0625962807853582,413.464614154338
16.2207357859532,"High plastic (>0.5)",0,-0.145472381758738,0.0415069403578509,-0.226825984860126,-0.0641187786573499,413.464614154338
16.4197324414716,"High plastic (>0.5)",0,-0.14698184062735,0.0415066237528997,-0.228334823183034,-0.0656288580716669,413.464614154338
16.61872909699,"High plastic (>0.5)",0,-0.148478732127855,0.0415063571389222,-0.229831192120143,-0.0671262721355679,413.464614154338
16.8177257525084,"High plastic (>0.5)",0,-0.149962836413147,0.0415061435386292,-0.23131487774886,-0.0686107950774338,413.464614154338
17.0167224080268,"High plastic (>0.5)",0,-0.15143394811899,0.0415059843112143,-0.23278567736897,-0.0700822188690102,413.464614154338
17.2157190635452,"High plastic (>0.5)",0,-0.152891869749462,0.0415058786040301,-0.234243391813361,-0.0715403476855628,413.464614154338
17.4147157190635,"High plastic (>0.5)",0,-0.15433642712722,0.0415058246217634,-0.235687843385876,-0.0729850108685633,413.464614154338
17.6137123745819,"High plastic (>0.5)",0,-0.155767451697241,0.0415058183221971,-0.237118855608747,-0.0744160477857348,413.464614154338
17.8127090301003,"High plastic (>0.5)",0,-0.157184793320003,0.0415058546105557,-0.238536268356692,-0.0758333182833138,413.464614154338
18.0117056856187,"High plastic (>0.5)",0,-0.158588317137737,0.0415059272818541,-0.239939934610171,-0.0772366996653032,413.464614154338
18.2107023411371,"High plastic (>0.5)",0,-0.159977895585534,0.041506028591289,-0.24132971162446,-0.0786260795466072,413.464614154338
18.4096989966555,"High plastic (>0.5)",0,-0.161353424014305,0.0415061509127619,-0.242705479803318,-0.0800013682252915,413.464614154338
18.6086956521739,"High plastic (>0.5)",0,-0.162714803479481,0.0415062854557967,-0.244067122972843,-0.08136248398612,413.464614154338
18.8076923076923,"High plastic (>0.5)",0,-0.16406195192777,0.0415064236708547,-0.245414542322646,-0.082709361532895,413.464614154338
19.0066889632107,"High plastic (>0.5)",0,-0.165394802277647,0.0415065573525609,-0.246747654688666,-0.0840419498666273,413.464614154338
19.2056856187291,"High plastic (>0.5)",0,-0.166713293770873,0.0415066780618035,-0.248066382772008,-0.085360204769738,413.464614154338
19.4046822742475,"High plastic (>0.5)",0,-0.16801738664426,0.041506779036508,-0.249370673555815,-0.086664099732704,413.464614154338
19.6036789297659,"High plastic (>0.5)",0,-0.169307046572796,0.0415068536557388,-0.250660479738044,-0.0879536134075476,413.464614154338
19.8026755852843,"High plastic (>0.5)",0,-0.170582253705965,0.0415068968089247,-0.251935771451458,-0.0892287359604727,413.464614154338
20.0016722408027,"High plastic (>0.5)",0,-0.171843001895735,0.041506904956184,-0.253196535609855,-0.0904894681816141,413.464614154338
20.2006688963211,"High plastic (>0.5)",0,-0.173089290140044,0.0415068751927655,-0.254442765517864,-0.0917358147622236,413.464614154338
20.3996655518395,"High plastic (>0.5)",0,-0.174321135407355,0.0415068071273099,-0.255674477376882,-0.0929677934378274,413.464614154338
20.5986622073579,"High plastic (>0.5)",0,-0.175538559539993,0.0415067010430818,-0.256891693584433,-0.0941854254955528,413.464614154338
20.7976588628763,"High plastic (>0.5)",0,-0.176741595948101,0.0415065589755237,-0.258094451540128,-0.0953887403560748,413.464614154338
20.9966555183947,"High plastic (>0.5)",0,-0.177930289737131,0.0415063846403608,-0.259282803632238,-0.0965777758420236,413.464614154338
21.195652173913,"High plastic (>0.5)",0,-0.179104689926233,0.0415061821612447,-0.260456806962273,-0.0977525728901938,413.464614154338
21.3946488294314,"High plastic (>0.5)",0,-0.180264859817441,0.0415059576971305,-0.261616536903816,-0.0989131827310651,413.464614154338
21.5936454849498,"High plastic (>0.5)",0,-0.181410866789491,0.0415057174990915,-0.26276207308771,-0.100059660491271,413.464614154338
21.7926421404682,"High plastic (>0.5)",0,-0.182542786743805,0.0415054686333119,-0.263893505265097,-0.101192068222514,413.464614154338
21.9916387959866,"High plastic (>0.5)",0,-0.183660704784305,0.0415052188535548,-0.265010933737272,-0.102310475831338,413.464614154338
22.190635451505,"High plastic (>0.5)",0,-0.184764708751043,0.04150497522009,-0.266114460182419,-0.103414957319666,413.464614154338
22.3896321070234,"High plastic (>0.5)",0,-0.185854896823857,0.0415047454833888,-0.267204197971299,-0.104505595676415,413.464614154338
22.5886287625418,"High plastic (>0.5)",0,-0.186931370299979,0.0415045363205511,-0.26828026148826,-0.105582479111699,413.464614154338
22.7876254180602,"High plastic (>0.5)",0,-0.187994236087107,0.0415043538663907,-0.269342769665233,-0.106645702508981,413.464614154338
22.9866220735786,"High plastic (>0.5)",0,-0.189043607563177,0.0415042037125842,-0.270391846839842,-0.107695368286512,413.464614154338
23.185618729097,"High plastic (>0.5)",0,-0.190079599787557,0.0415040896622807,-0.271427615525627,-0.108731584049487,413.464614154338
23.3846153846154,"High plastic (>0.5)",0,-0.191102334294814,0.0415040150858269,-0.272450203863035,-0.109754464726594,413.464614154338
23.5836120401338,"High plastic (>0.5)",0,-0.192111934685302,0.0415039814938732,-0.273459738413293,-0.110764130957311,413.464614154338
23.7826086956522,"High plastic (>0.5)",0,-0.193108527573714,0.0415039891130861,-0.274456346235363,-0.111760708912065,413.464614154338
23.9816053511706,"High plastic (>0.5)",0,-0.194092243287809,0.0415040371725618,-0.275440156146031,-0.112744330429588,413.464614154338
24.180602006689,"High plastic (>0.5)",0,-0.195063212939142,0.0415041228568589,-0.276411293738585,-0.113715132139698,413.464614154338
24.3795986622074,"High plastic (>0.5)",0,-0.196021570572574,0.0415042428793847,-0.277369886616168,-0.11467325452898,413.464614154338
24.5785953177258,"High plastic (>0.5)",0,-0.196967451219433,0.0415043923210701,-0.27831606016873,-0.115618842270135,413.464614154338
24.7775919732441,"High plastic (>0.5)",0,-0.197900990749283,0.0415045653580487,-0.279249938851058,-0.116552042647507,413.464614154338
24.9765886287625,"High plastic (>0.5)",0,-0.198822326134372,0.0415047558643777,-0.280171647628553,-0.117473004640192,413.464614154338
25.1755852842809,"High plastic (>0.5)",0,-0.199731594400166,0.0415049564005396,-0.281081308945223,-0.118381879855108,413.464614154338
25.3745819397993,"High plastic (>0.5)",0,-0.200628932446764,0.0415051600811977,-0.281979046205911,-0.119278818687616,413.464614154338
25.5735785953177,"High plastic (>0.5)",0,-0.201514477111188,0.0415053594553116,-0.282864981643599,-0.120163972578777,413.464614154338
25.7725752508361,"High plastic (>0.5)",0,-0.202388364356315,0.0415055472787527,-0.28373923702267,-0.12103749168996,413.464614154338
25.9715719063545,"High plastic (>0.5)",0,-0.203250728915186,0.0415057173116166,-0.284601934845954,-0.121899522984417,413.464614154338
26.1705685618729,"High plastic (>0.5)",0,-0.204101705006385,0.0415058630957627,-0.28545319667408,-0.12275021333869,413.464614154338
26.3695652173913,"High plastic (>0.5)",0,-0.204941424243983,0.0415059799621403,-0.286293144969778,-0.123589703518188,413.464614154338
26.5685618729097,"High plastic (>0.5)",0,-0.205770017211312,0.0415060637569451,-0.287121902174925,-0.1244181322477,413.464614154338
26.7675585284281,"High plastic (>0.5)",0,-0.206587612373895,0.0415061114354321,-0.287939590787342,-0.125235633960448,413.464614154338
26.9665551839465,"High plastic (>0.5)",0,-0.207394335014228,0.041506121865708,-0.288746333871016,-0.12604233615744,413.464614154338
27.1655518394649,"High plastic (>0.5)",0,-0.208190309485735,0.0415060942736963,-0.28954225426218,-0.12683836470929,413.464614154338
27.3645484949833,"High plastic (>0.5)",0,-0.208975655693068,0.0415060301248047,-0.290327474737686,-0.127623836648451,413.464614154338
27.5635451505017,"High plastic (>0.5)",0,-0.20975049167516,0.0415059316754555,-0.291102117759052,-0.128398865591267,413.464614154338
27.7625418060201,"High plastic (>0.5)",0,-0.210514932562326,0.0415058022391614,-0.291866304951082,-0.12916356017357,413.464614154338
27.9615384615385,"High plastic (>0.5)",0,-0.211269088813181,0.0415056468735591,-0.292620156685357,-0.129918020941005,413.464614154338
28.1605351170569,"High plastic (>0.5)",0,-0.212013069685977,0.041505470599124,-0.29336379206026,-0.130662347311694,413.464614154338
28.3595317725753,"High plastic (>0.5)",0,-0.212746978813668,0.0415052799864053,-0.294097327587023,-0.131396630040314,413.464614154338
28.5585284280936,"High plastic (>0.5)",0,-0.213470917314886,0.0415050816939242,-0.294820877434978,-0.132120957194795,413.464614154338
28.757525083612,"High plastic (>0.5)",0,-0.214184983035458,0.0415048824547946,-0.295534552646855,-0.132835413424061,413.464614154338
28.9565217391304,"High plastic (>0.5)",0,-0.214889268203168,0.0415046896770931,-0.296238459970271,-0.133540076436066,413.464614154338
29.1555183946488,"High plastic (>0.5)",0,-0.21558386371079,0.0415045096865986,-0.296932702696524,-0.134235024725057,413.464614154338
29.3545150501672,"High plastic (>0.5)",0,-0.216268854335105,0.0415043490755421,-0.297617378523168,-0.134920330147043,413.464614154338
29.5535117056856,"High plastic (>0.5)",0,-0.216944321934532,0.0415042134441569,-0.298292580285079,-0.135596063583985,413.464614154338
29.752508361204,"High plastic (>0.5)",0,-0.217610345123041,0.0415041073063464,-0.29895839544348,-0.136262294802603,413.464614154338
29.9515050167224,"High plastic (>0.5)",0,-0.218266996562573,0.0415040347683107,-0.299614904708462,-0.136919088416684,413.464614154338
30.1505016722408,"High plastic (>0.5)",0,-0.218914347578579,0.0415039979889441,-0.30026218363691,-0.137566511520249,413.464614154338
30.3494983277592,"High plastic (>0.5)",0,-0.219552463574874,0.0415039985185814,-0.300900300671294,-0.138204626478455,413.464614154338
30.5484949832776,"High plastic (>0.5)",0,-0.220181406936572,0.0415040363603954,-0.301529318202947,-0.138833495670197,413.464614154338
30.747491638796,"High plastic (>0.5)",0,-0.220801237180026,0.0415041099702238,-0.302149292721665,-0.139453181638388,413.464614154338
30.9464882943144,"High plastic (>0.5)",0,-0.221412008198558,0.0415042171948297,-0.302760273900424,-0.140063742496692,413.464614154338
31.1454849498328,"High plastic (>0.5)",0,-0.222013772678567,0.0415043539329456,-0.30336230638714,-0.140665238969993,413.464614154338
31.3444816053512,"High plastic (>0.5)",0,-0.222606578231174,0.0415045156744338,-0.303955428953064,-0.141257727509284,413.464614154338
31.5434782608696,"High plastic (>0.5)",0,-0.223190469702632,0.0415046968215412,-0.304539675472853,-0.141841263932412,413.464614154338
31.742474916388,"High plastic (>0.5)",0,-0.223765489731512,0.0415048907830187,-0.305115075666228,-0.142415903796795,413.464614154338
31.9414715719064,"High plastic (>0.5)",0,-0.22433167633627,0.0415050912322412,-0.305681655151463,-0.142981697521078,413.464614154338
32.1404682274247,"High plastic (>0.5)",0,-0.22488906658476,0.0415052907586424,-0.306239436471699,-0.143538696697821,413.464614154338
32.3394648829431,"High plastic (>0.5)",0,-0.225437693886288,0.0415054826246195,-0.306788439830542,-0.144086947942034,413.464614154338
32.5384615384615,"High plastic (>0.5)",0,-0.225977589520139,0.0415056601653498,-0.307328683444224,-0.144626495596053,413.464614154338
32.7374581939799,"High plastic (>0.5)",0,-0.22650878342194,0.041505816802253,-0.307860184354356,-0.145157382489524,413.464614154338
32.9364548494983,"High plastic (>0.5)",0,-0.227031302531827,0.0415059475049993,-0.308382959641626,-0.145679645422029,413.464614154338
33.1354515050167,"High plastic (>0.5)",0,-0.227545173211723,0.0415060472047375,-0.308897025733008,-0.146193320690437,413.464614154338
33.3344481605351,"High plastic (>0.5)",0,-0.228050420009924,0.0415061125753412,-0.309402400657593,-0.146698439362255,413.464614154338
33.5334448160535,"High plastic (>0.5)",0,-0.228547066346603,0.0415061413467537,-0.309899103386241,-0.147195029306966,413.464614154338
33.7324414715719,"High plastic (>0.5)",0,-0.229035135263311,0.0415061320392157,-0.310387154060174,-0.147683116466448,413.464614154338
33.9314381270903,"High plastic (>0.5)",0,-0.229514648918521,0.0415060854119313,-0.310866576325906,-0.148162721511135,413.464614154338
34.1304347826087,"High plastic (>0.5)",0,-0.229985629359589,0.0415060025818443,-0.311337394420004,-0.148633864299174,413.464614154338
34.3294314381271,"High plastic (>0.5)",0,-0.230448098889776,0.0415058865789194,-0.311799636584458,-0.149096561195094,413.464614154338
34.5284280936455,"High plastic (>0.5)",0,-0.230902079983572,0.0415057415427004,-0.312253333407264,-0.149550826559879,413.464614154338
34.7274247491639,"High plastic (>0.5)",0,-0.231347595688599,0.0415055721287797,-0.312698517061007,-0.149996674316191,413.464614154338
34.9264214046823,"High plastic (>0.5)",0,-0.23178467054833,0.0415053847829675,-0.313135224722946,-0.150434116373713,413.464614154338
35.1254180602007,"High plastic (>0.5)",0,-0.232213329521407,0.0415051857341401,-0.313563493560322,-0.150863165482493,413.464614154338
35.3244147157191,"High plastic (>0.5)",0,-0.232633599865657,0.0415049822169784,-0.313983365010934,-0.151283834720379,413.464614154338
35.5234113712375,"High plastic (>0.5)",0,-0.233045510474622,0.0415047816748031,-0.314394882557236,-0.151696138392008,413.464614154338
35.7224080267559,"High plastic (>0.5)",0,-0.233449091639286,0.0415045909870224,-0.31479808997385,-0.152100093304722,413.464614154338
35.9214046822743,"High plastic (>0.5)",0,-0.233844377496192,0.0415044175891977,-0.315193035971019,-0.152495719021364,413.464614154338
36.1204013377926,"High plastic (>0.5)",0,-0.234231403131377,0.0415042676051957,-0.315579767637561,-0.152883038625194,413.464614154338
36.319397993311,"High plastic (>0.5)",0,-0.234610207677883,0.0415041468587205,-0.315958335520975,-0.153262079834791,413.464614154338
36.5183946488294,"High plastic (>0.5)",0,-0.234980833344228,0.0415040602705185,-0.316328791474444,-0.153632875214012,413.464614154338
36.7173913043478,"High plastic (>0.5)",0,-0.235343324334462,0.04150401113056,-0.31669118615036,-0.153995462518565,413.464614154338
36.9163879598662,"High plastic (>0.5)",0,-0.235697730681833,0.0415040022592139,-0.317045575109892,-0.154349886253773,413.464614154338
37.1153846153846,"High plastic (>0.5)",0,-0.236044103846069,0.0415040344337417,-0.317392011336203,-0.154696196355935,413.464614154338
37.314381270903,"High plastic (>0.5)",0,-0.23638250053821,0.0415041074349798,-0.31773055111077,-0.155034449965649,413.464614154338
37.5133779264214,"High plastic (>0.5)",0,-0.236712981732261,0.0415042197607599,-0.318061252463351,-0.155364711001172,413.464614154338
37.7123745819398,"High plastic (>0.5)",0,-0.237035610700849,0.0415043680500713,-0.318384172078989,-0.155687049322709,413.464614154338
37.9113712374582,"High plastic (>0.5)",0,-0.237350457835695,0.0415045485095083,-0.318699372914332,-0.156001542757059,413.464614154338
38.1103678929766,"High plastic (>0.5)",0,-0.237657595300258,0.0415047555576682,-0.319006916193288,-0.156308274407229,413.464614154338
38.309364548495,"High plastic (>0.5)",0,-0.237957100985687,0.0415049830701162,-0.319306867803114,-0.156607334168259,413.464614154338
38.5083612040134,"High plastic (>0.5)",0,-0.238249057749681,0.0415052243801399,-0.319599297534756,-0.156898817964607,413.464614154338
38.7073578595318,"High plastic (>0.5)",0,-0.238533550728349,0.0415054717477628,-0.319884275353964,-0.157182826102734,413.464614154338
38.9063545150502,"High plastic (>0.5)",0,-0.238810672513604,0.0415057181228147,-0.32016188003432,-0.157459464992887,413.464614154338
39.1053511705686,"High plastic (>0.5)",0,-0.239080517608461,0.0415059557616361,-0.320432190901268,-0.157728844315655,413.464614154338
39.304347826087,"High plastic (>0.5)",0,-0.239343185907581,0.0415061776078615,-0.32069529401899,-0.157991077796173,413.464614154338
39.5033444816054,"High plastic (>0.5)",0,-0.239598782298967,0.041506377419976,-0.32095128204212,-0.158246282555814,413.464614154338
39.7023411371237,"High plastic (>0.5)",0,-0.239847413621603,0.0415065490486067,-0.321200249756872,-0.158494577486334,413.464614154338
39.9013377926421,"High plastic (>0.5)",0,-0.240089193418621,0.0415066883794362,-0.321442302642316,-0.158736084194926,413.464614154338
40.1003344481605,"High plastic (>0.5)",0,-0.240324237016548,0.0415067917061724,-0.321677548760646,-0.15897092527245,413.464614154338
40.2993311036789,"High plastic (>0.5)",0,-0.24055266402199,0.0415068570029048,-0.321906103747683,-0.159199224296297,413.464614154338
40.4983277591973,"High plastic (>0.5)",0,-0.240774598274979,0.0415068839960211,-0.32212809090718,-0.159421105642777,413.464614154338
40.6973244147157,"High plastic (>0.5)",0,-0.240990164988912,0.0415068730867656,-0.322343636238973,-0.159636693738852,413.464614154338
40.8963210702341,"High plastic (>0.5)",0,-0.24119949427068,0.0415068271901234,-0.322552875563322,-0.159846112978038,413.464614154338
41.0953177257525,"High plastic (>0.5)",0,-0.241402717582103,0.0415067498562936,-0.322755947300438,-0.160049487863767,413.464614154338
41.2943143812709,"High plastic (>0.5)",0,-0.241599968937146,0.0415066462064547,-0.322952995501797,-0.160246942372495,413.464614154338
41.4933110367893,"High plastic (>0.5)",0,-0.24179138504571,0.0415065228722355,-0.323144169875291,-0.160438600216128,413.464614154338
41.6923076923077,"High plastic (>0.5)",0,-0.241977103251145,0.0415063866259069,-0.323329621037922,-0.160624585464367,413.464614154338
41.8913043478261,"High plastic (>0.5)",0,-0.242157263128343,0.0415062459167967,-0.323509505125265,-0.160805021131422,413.464614154338
42.0903010033445,"High plastic (>0.5)",0,-0.242332004885383,0.0415061089591227,-0.323683978445264,-0.160980031325503,413.464614154338
42.2892976588629,"High plastic (>0.5)",0,-0.24250146919787,0.0415059843100876,-0.323853198445642,-0.161149739950098,413.464614154338
42.4882943143813,"High plastic (>0.5)",0,-0.24266579726886,0.0415058807660936,-0.324017323570404,-0.161314270967317,413.464614154338
42.6872909698997,"High plastic (>0.5)",0,-0.242825130137791,0.0415058059557193,-0.324176509811001,-0.161473750464582,413.464614154338
42.8862876254181,"High plastic (>0.5)",0,-0.242979607928267,0.0415057676237336,-0.324330912470785,-0.161628303385749,413.464614154338
43.0852842809365,"High plastic (>0.5)",0,-0.243129370440825,0.0415057719698234,-0.324480683501679,-0.161778057379972,413.464614154338
43.2842809364548,"High plastic (>0.5)",0,-0.243274555821169,0.0415058240782477,-0.324625971014534,-0.161923140627803,413.464614154338
43.4832775919732,"High plastic (>0.5)",0,-0.243415300220718,0.041505927974692,-0.324766919051114,-0.162063681390321,413.464614154338
43.6822742474916,"High plastic (>0.5)",0,-0.243551738880738,0.0415060854289199,-0.324903666321421,-0.162199811440055,413.464614154338
43.88127090301,"High plastic (>0.5)",0,-0.243684002964927,0.0415062972605459,-0.325036345595596,-0.162331660334257,413.464614154338
44.0802675585284,"High plastic (>0.5)",0,-0.243812222235968,0.0415065620658492,-0.325165083885033,-0.162459360586904,413.464614154338
44.2792642140468,"High plastic (>0.5)",0,-0.243936522966127,0.0415068767660369,-0.325290001427559,-0.162583044504695,413.464614154338
44.4782608695652,"High plastic (>0.5)",0,-0.244057026934187,0.0415072370060851,-0.325411211466114,-0.16270284240226,413.464614154338
44.6772575250836,"High plastic (>0.5)",0,-0.244173854408706,0.0415076361950763,-0.325528821351056,-0.162818887466357,413.464614154338
44.876254180602,"High plastic (>0.5)",0,-0.24428711890435,0.0415080671212178,-0.325642930461937,-0.162931307346764,413.464614154338
45.0752508361204,"High plastic (>0.5)",0,-0.24439693149333,0.0415085209507733,-0.325753632556845,-0.163040230429814,413.464614154338
45.2742474916388,"High plastic (>0.5)",0,-0.244503398483145,0.0415089879886277,-0.325861014940855,-0.163145782025434,413.464614154338
45.4732441471572,"High plastic (>0.5)",0,-0.244606619627838,0.0415094584415445,-0.325965158173265,-0.163248081082411,413.464614154338
45.6722408026756,"High plastic (>0.5)",0,-0.244706692790247,0.041509921464857,-0.326066138861367,-0.163347246719127,413.464614154338
45.871237458194,"High plastic (>0.5)",0,-0.24480370732972,0.0415103671451855,-0.326164026934284,-0.163443387725157,413.464614154338
46.0702341137124,"High plastic (>0.5)",0,-0.244897749341257,0.0415107854883256,-0.326258888898375,-0.163536609784138,413.464614154338
46.2692307692308,"High plastic (>0.5)",0,-0.244988899619672,0.0415111672184873,-0.326350787367907,-0.163627011871436,413.464614154338
46.4682274247492,"High plastic (>0.5)",0,-0.245077231170409,0.0415115047317225,-0.326439780444585,-0.163714681896233,413.464614154338
46.6672240802676,"High plastic (>0.5)",0,-0.245162814987677,0.0415117908384079,-0.326525925030957,-0.163799704944398,413.464614154338
46.866220735786,"High plastic (>0.5)",0,-0.245245713040651,0.0415120208659094,-0.326609273937833,-0.163882152143469,413.464614154338
47.0652173913044,"High plastic (>0.5)",0,-0.245325983608939,0.0415121914018198,-0.326689878756506,-0.163962088461373,413.464614154338
47.2642140468227,"High plastic (>0.5)",0,-0.245403679926532,0.0415123008246843,-0.326767789542914,-0.164039570310151,413.464614154338
47.4632107023411,"High plastic (>0.5)",0,-0.245478847303685,0.0415123501784961,-0.326843053653537,-0.164114640953833,413.464614154338
47.6622073578595,"High plastic (>0.5)",0,-0.245551529188218,0.0415123414889847,-0.326915718506628,-0.164187339869808,413.464614154338
47.8612040133779,"High plastic (>0.5)",0,-0.245621760810894,0.0415122796012385,-0.326985828829321,-0.164257692792466,413.464614154338
48.0602006688963,"High plastic (>0.5)",0,-0.245689573819292,0.0415121706811935,-0.327053428354431,-0.164325719284153,413.464614154338
48.2591973244147,"High plastic (>0.5)",0,-0.245754995778696,0.0415120222999138,-0.327118559486527,-0.164391432070865,413.464614154338
48.4581939799331,"High plastic (>0.5)",0,-0.245818047404424,0.041511844054487,-0.327181261751219,-0.16445483305763,413.464614154338
48.6571906354515,"High plastic (>0.5)",0,-0.245878747941548,0.0415116456617647,-0.327241573438607,-0.164515922444489,413.464614154338
48.8561872909699,"High plastic (>0.5)",0,-0.245937110431524,0.0415114383131339,-0.327299529525267,-0.164574691337782,413.464614154338
49.0551839464883,"High plastic (>0.5)",0,-0.245993145028139,0.0415112331916366,-0.327355162083747,-0.164631127972531,413.464614154338
49.2541806020067,"High plastic (>0.5)",0,-0.24604685927898,0.0415110412373297,-0.327408500104146,-0.164685218453814,413.464614154338
49.4531772575251,"High plastic (>0.5)",0,-0.24609825606154,0.0415108735882931,-0.327459568294594,-0.164736943828486,413.464614154338
49.6521739130435,"High plastic (>0.5)",0,-0.246147337363539,0.0415107398581721,-0.327508387485556,-0.164786287241521,413.464614154338
49.8511705685619,"High plastic (>0.5)",0,-0.246194101852928,0.0415106491641964,-0.327554974214753,-0.164833229491103,413.464614154338
50.0501672240803,"High plastic (>0.5)",0,-0.246238546548774,0.0415106090029042,-0.327599340194466,-0.164877752903081,413.464614154338
50.2491638795987,"High plastic (>0.5)",0,-0.24628066757982,0.0415106250575241,-0.327641492692567,-0.164919842467073,413.464614154338
50.4481605351171,"High plastic (>0.5)",0,-0.246320459378147,0.0415107017773639,-0.32768143486178,-0.164959483894514,413.464614154338
50.6471571906355,"High plastic (>0.5)",0,-0.246357916175792,0.0415108411364905,-0.327719164803314,-0.164996667548271,413.464614154338
50.8461538461538,"High plastic (>0.5)",0,-0.246393032146469,0.0415110437892374,-0.327754677973374,-0.165031386319563,413.464614154338
51.0451505016722,"High plastic (>0.5)",0,-0.246425801437945,0.0415113084899959,-0.327787966078337,-0.165063636797553,413.464614154338
51.2441471571906,"High plastic (>0.5)",0,-0.246456218963263,0.0415116322480531,-0.327819018169447,-0.165093419757079,413.464614154338
51.443143812709,"High plastic (>0.5)",0,-0.246484281220166,0.0415120114121673,-0.327847823588014,-0.165120738852318,413.464614154338
51.6421404682274,"High plastic (>0.5)",0,-0.246509985209597,0.0415124408312809,-0.327874369238907,-0.165145601180286,413.464614154338
51.8411371237458,"High plastic (>0.5)",0,-0.2465333309453,0.0415129155505218,-0.327898645424322,-0.165168016466277,413.464614154338
52.0401337792642,"High plastic (>0.5)",0,-0.246554320161007,0.0415134306521627,-0.327920644239246,-0.165187996082768,413.464614154338
52.2391304347826,"High plastic (>0.5)",0,-0.246572956676091,0.041513981722428,-0.32794036085205,-0.165205552500132,413.464614154338
52.438127090301,"High plastic (>0.5)",0,-0.246589248897806,0.0415145665706116,-0.327957799376205,-0.165220698419407,413.464614154338
52.6371237458194,"High plastic (>0.5)",0,-0.246603206349298,0.0415151843399655,-0.327972967655631,-0.165233445042966,413.464614154338
52.8361204013378,"High plastic (>0.5)",0,-0.246614843901265,0.0415158377483602,-0.327985885888051,-0.165243801914479,413.464614154338
53.0351170568562,"High plastic (>0.5)",0,-0.246624179683016,0.0415165329692635,-0.327996584302772,-0.165251775063259,413.464614154338
53.2341137123746,"High plastic (>0.5)",0,-0.246631234689393,0.0415172799980864,-0.328005103485642,-0.165257365893143,413.464614154338
53.433110367893,"High plastic (>0.5)",0,-0.246636036637663,0.0415180947149503,-0.328011502278965,-0.16526057099636,413.464614154338
53.6321070234114,"High plastic (>0.5)",0,-0.246638614780231,0.0415189974314421,-0.328015849745857,-0.165261379814604,413.464614154338
53.8311036789298,"High plastic (>0.5)",0,-0.246639004884272,0.0415200151647052,-0.328018234607094,-0.16525977516145,413.464614154338
54.0301003344482,"High plastic (>0.5)",0,-0.246637246958285,0.0415211811445887,-0.328018762001679,-0.165255731914892,413.464614154338
54.2290969899666,"High plastic (>0.5)",0,-0.246633384009153,0.0415225345691677,-0.328017551764721,-0.165249216253584,413.464614154338
54.4280936454849,"High plastic (>0.5)",0,-0.246627466539693,0.0415241223798895,-0.328014746404276,-0.165240186675109,413.464614154338
54.6270903010033,"High plastic (>0.5)",0,-0.246619546722363,0.0415259970763205,-0.328010500991951,-0.165228592452775,413.464614154338
54.8260869565217,"High plastic (>0.5)",0,-0.246609682999313,0.0415282182765236,-0.328004990821299,-0.165214375177326,413.464614154338
55.0250836120401,"High plastic (>0.5)",0,-0.246597938174082,0.0415308516647233,-0.327998407436939,-0.165197468911224,413.464614154338
55.2240802675585,"High plastic (>0.5)",0,-0.246584377535478,0.0415339679356322,-0.327990954689317,-0.165177800381639,413.464614154338
55.4230769230769,"High plastic (>0.5)",0,-0.246569072975024,0.0415376436651814,-0.327982854558779,-0.165155291391268,413.464614154338
55.6220735785953,"High plastic (>0.5)",0,-0.246552097834637,0.0415419587686402,-0.327974337021172,-0.165129858648102,413.464614154338
55.8210702341137,"High plastic (>0.5)",0,-0.246533530046375,0.041546996886855,-0.327965643944611,-0.165101416148139,413.464614154338
56.0200668896321,"High plastic (>0.5)",0,-0.246513450953861,0.0415528439575295,-0.327957025110618,-0.165069876797103,413.464614154338
56.2190635451505,"High plastic (>0.5)",0,-0.24649194332426,0.0415595866825922,-0.327948733222141,-0.165035153426379,413.464614154338
56.4180602006689,"High plastic (>0.5)",0,-0.246469093904386,0.0415673123569958,-0.327941026124097,-0.164997161684674,413.464614154338
56.6170568561873,"High plastic (>0.5)",0,-0.246444990281429,0.0415761066834051,-0.327934159380903,-0.164955821181955,413.464614154338
56.8160535117057,"High plastic (>0.5)",0,-0.246419721712626,0.0415860532436431,-0.327928386070166,-0.164911057355085,413.464614154338
57.0150501672241,"High plastic (>0.5)",0,-0.246393378781178,0.0415972321838388,-0.327923953861502,-0.164862803700854,413.464614154338
57.2140468227425,"High plastic (>0.5)",0,-0.246366052048909,0.0416097188953181,-0.327921101083732,-0.164811003014085,413.464614154338
57.4130434782609,"High plastic (>0.5)",0,-0.246337831892819,0.0416235834483545,-0.327920055451594,-0.164755608334044,413.464614154338
57.6120401337793,"High plastic (>0.5)",0,-0.246308808530711,0.0416388892718036,-0.327921031503446,-0.164696585557976,413.464614154338
57.8110367892977,"High plastic (>0.5)",0,-0.246279070051266,0.0416556927219253,-0.327924227786239,-0.164633912316292,413.464614154338
58.0100334448161,"High plastic (>0.5)",0,-0.246248702737003,0.0416740424423812,-0.32792982592407,-0.164567579549936,413.464614154338
58.2090301003345,"High plastic (>0.5)",0,-0.246217791215669,0.0416939787650266,-0.327937989595121,-0.164497592836217,413.464614154338
58.4080267558528,"High plastic (>0.5)",0,-0.246186414619603,0.0417155341224412,-0.327948861499588,-0.164423967739618,413.464614154338
58.6070234113712,"High plastic (>0.5)",0,-0.24615465057214,0.0417387323157037,-0.327962565910919,-0.16434673523336,413.464614154338
58.8060200668896,"High plastic (>0.5)",0,-0.246122570335292,0.0417635895292334,-0.327979205812589,-0.164265934857994,413.464614154338
59.005016722408,"High plastic (>0.5)",0,-0.246090239407512,0.0417901147305352,-0.327998864279361,-0.164181614535663,413.464614154338
59.2040133779264,"High plastic (>0.5)",0,-0.246057719992681,0.0418183095334643,-0.328021606678271,-0.164093833307091,413.464614154338
59.4030100334448,"High plastic (>0.5)",0,-0.24602506284835,0.0418481713265998,-0.328047478648485,-0.164002647048214,413.464614154338
59.6020066889632,"High plastic (>0.5)",0,-0.245992315590383,0.041879691830335,-0.328076511577839,-0.163908119602926,413.464614154338
59.8010033444816,"High plastic (>0.5)",0,-0.245959515234695,0.0419128606866057,-0.328108722180442,-0.163810308288948,413.464614154338
60,"High plastic (>0.5)",0,-0.245926688540153,0.0419476670009209,-0.328144115861958,-0.163709261218348,413.464614154338
