"time_min","plastic_group","Bird_Body_Weight_c","predicted","se","lower","upper","Bird_Body_Weight"
0.5,"Low plastic (<0.5)",0,0.0307668194596027,0.0226662839167847,0.00810053554281791,0.0534331033763874,394.025891341256
0.698996655518395,"Low plastic (<0.5)",0,0.0297944021483382,0.0226347260289747,0.00715967611936355,0.0524291281773129,394.025891341256
0.897993311036789,"Low plastic (<0.5)",0,0.0288220852758025,0.0226043712610513,0.00621771401475115,0.0514264565368538,394.025891341256
1.09698996655518,"Low plastic (<0.5)",0,0.0278499708729789,0.0225752299903144,0.00527474088266449,0.0504252008632933,394.025891341256
1.29598662207358,"Low plastic (<0.5)",0,0.0268781998549256,0.0225473126997075,0.00433088715521813,0.0494255125546331,394.025891341256
1.49498327759197,"Low plastic (<0.5)",0,0.0259069533207055,0.0225206290340033,0.00338632428670221,0.0484275823547087,394.025891341256
1.69397993311037,"Low plastic (<0.5)",0,0.0249364242859865,0.022495185231495,0.00244123905449156,0.0474316095174815,394.025891341256
1.89297658862876,"Low plastic (<0.5)",0,0.0239668491875044,0.0224709853887185,0.00149586379878591,0.046437834576223,394.025891341256
2.09197324414716,"Low plastic (<0.5)",0,0.022998476968995,0.0224480291098431,0.000550447859151926,0.0454465060788381,394.025891341256
2.29096989966555,"Low plastic (<0.5)",0,0.0220315786927795,0.0224263116892689,-0.000394732996489344,0.0444578903820484,394.025891341256
2.48996655518395,"Low plastic (<0.5)",0,0.0210664498337765,0.0224058238480207,-0.00133937401424421,0.0434722736817971,394.025891341256
2.68896321070234,"Low plastic (<0.5)",0,0.0201033918147488,0.0223865508283448,-0.00228315901359597,0.0424899426430935,394.025891341256
2.88795986622074,"Low plastic (<0.5)",0,0.0191427278777638,0.0223684730048959,-0.00322574512713206,0.0415112008826597,394.025891341256
3.08695652173913,"Low plastic (<0.5)",0,0.0181847878601855,0.0223515653732877,-0.00416677751310228,0.0405363532334732,394.025891341256
3.28595317725753,"Low plastic (<0.5)",0,0.0172299095626126,0.0223357978914399,-0.00510588832882736,0.0395657074540525,394.025891341256
3.48494983277592,"Low plastic (<0.5)",0,0.0162784401728666,0.0223211358294607,-0.00604269565659413,0.0385995760023274,394.025891341256
3.68394648829431,"Low plastic (<0.5)",0,0.0153307280285319,0.0223075398800199,-0.00697681185148795,0.0376382679085518,394.025891341256
3.88294314381271,"Low plastic (<0.5)",0,0.0143871245315183,0.0222949669400048,-0.0079078424084865,0.0366820914715232,394.025891341256
4.0819397993311,"Low plastic (<0.5)",0,0.0134479819563919,0.0222833703829721,-0.00883538842658019,0.0357313523393641,394.025891341256
4.2809364548495,"Low plastic (<0.5)",0,0.012513649408116,0.0222727007786263,-0.0097590513705103,0.0347863501867423,394.025891341256
4.47993311036789,"Low plastic (<0.5)",0,0.0115844719991931,0.022262906645811,-0.010678434646618,0.0338473786450041,394.025891341256
4.67892976588629,"Low plastic (<0.5)",0,0.0106607923910961,0.0222539347779237,-0.0115931423868276,0.0329147271690198,394.025891341256
4.87792642140468,"Low plastic (<0.5)",0,0.00974294133463496,0.0222457314351045,-0.0125027901004696,0.0319886727697395,394.025891341256
5.07692307692308,"Low plastic (<0.5)",0,0.008831245301194,0.0222382425385984,-0.0134069972374044,0.0310694878397924,394.025891341256
5.27591973244147,"Low plastic (<0.5)",0,0.00792601975458715,0.0222314145269062,-0.0143053947723191,0.0301574342814934,394.025891341256
5.47491638795987,"Low plastic (<0.5)",0,0.00702756534801177,0.0222251951898242,-0.0151976298418125,0.029252760537836,394.025891341256
5.67391304347826,"Low plastic (<0.5)",0,0.00613617786474345,0.0222195335745869,-0.0160833557098435,0.0283557114393304,394.025891341256
5.87290969899666,"Low plastic (<0.5)",0,0.0052521306701754,0.022214381365145,-0.0169622506949696,0.0274665120353204,394.025891341256
6.07190635451505,"Low plastic (<0.5)",0,0.00437568867681067,0.0222096925481647,-0.0178340038713541,0.0265853812249754,394.025891341256
6.27090301003344,"Low plastic (<0.5)",0,0.00350710125790632,0.0222054240300691,-0.0186983227721628,0.0257125252879754,394.025891341256
6.46989966555184,"Low plastic (<0.5)",0,0.0026465954475378,0.0222015362693548,-0.019554940821817,0.0248481317168926,394.025891341256
6.66889632107023,"Low plastic (<0.5)",0,0.00179439209591539,0.0221979925483587,-0.0204036004524433,0.0239923846442741,394.025891341256
6.86789297658863,"Low plastic (<0.5)",0,0.000950683857005738,0.0221947601748387,-0.0212440763178329,0.0231454440318444,394.025891341256
7.06688963210702,"Low plastic (<0.5)",0,0.000115652087569112,0.0221918096298784,-0.0220761575423092,0.0223074617174475,394.025891341256
7.26588628762542,"Low plastic (<0.5)",0,-0.000710538908478206,0.0221891147490075,-0.0228996536574858,0.0214785758405293,394.025891341256
7.46488294314381,"Low plastic (<0.5)",0,-0.00152775102342552,0.022186653043897,-0.0237144040673225,0.0206589020204715,394.025891341256
7.66387959866221,"Low plastic (<0.5)",0,-0.00233585268077624,0.0221844045437528,-0.0245202572245291,0.0198485518629766,394.025891341256
7.8628762541806,"Low plastic (<0.5)",0,-0.00313474179233156,0.0221823526195641,-0.0253170944118957,0.0190476108272325,394.025891341256
8.061872909699,"Low plastic (<0.5)",0,-0.00392432886519631,0.0221804829220394,-0.0261048117872358,0.0182561540568431,394.025891341256
8.26086956521739,"Low plastic (<0.5)",0,-0.00470454050902934,0.0221787832209365,-0.0268833237299659,0.0174742427119072,394.025891341256
8.45986622073579,"Low plastic (<0.5)",0,-0.00547532976742302,0.0221772435151685,-0.0276525732825916,0.0167019137477455,394.025891341256
8.65886287625418,"Low plastic (<0.5)",0,-0.00623665578313504,0.022175854833831,-0.028412510616966,0.0159391990506959,394.025891341256
8.85785953177258,"Low plastic (<0.5)",0,-0.00698850471059019,0.0221746097699283,-0.0291631144805185,0.0151861050593381,394.025891341256
9.05685618729097,"Low plastic (<0.5)",0,-0.00773087502145189,0.0221735015521101,-0.0299043765735619,0.0144426265306582,394.025891341256
9.25585284280936,"Low plastic (<0.5)",0,-0.00846377860897665,0.0221725238116526,-0.0306363024206292,0.0137087452026759,394.025891341256
9.45484949832776,"Low plastic (<0.5)",0,-0.00918725090980794,0.0221716707084442,-0.0313589216182521,0.0129844197986362,394.025891341256
9.65384615384615,"Low plastic (<0.5)",0,-0.00990133246559946,0.0221709359749994,-0.0320722684405988,0.0122696035093999,394.025891341256
9.85284280936455,"Low plastic (<0.5)",0,-0.0106060856587308,0.0221703134323081,-0.0327763990910389,0.0115642277735773,394.025891341256
10.0518394648829,"Low plastic (<0.5)",0,-0.0113015835117104,0.0221697963681697,-0.03347137987988,0.0108682128564593,394.025891341256
10.2508361204013,"Low plastic (<0.5)",0,-0.0119879088540422,0.0221693774551154,-0.0341572863091577,0.0101814686010732,394.025891341256
10.4498327759197,"Low plastic (<0.5)",0,-0.0126651628921191,0.0221690491031942,-0.0348342119953133,0.00950388621107509,394.025891341256
10.6488294314381,"Low plastic (<0.5)",0,-0.0133334506081088,0.022168802760389,-0.0355022533684979,0.00883535215228016,394.025891341256
10.8478260869565,"Low plastic (<0.5)",0,-0.0139928922126596,0.0221686296503531,-0.0361615218630127,0.00817573743769354,394.025891341256
11.0468227424749,"Low plastic (<0.5)",0,-0.0146436158450081,0.0221685204046783,-0.0368121362496864,0.00752490455967016,394.025891341256
11.2458193979933,"Low plastic (<0.5)",0,-0.0152857556468792,0.0221684651546751,-0.0374542208015543,0.00688270950779595,394.025891341256
11.4448160535117,"Low plastic (<0.5)",0,-0.0159194577650414,0.0221684541809507,-0.0380879119459921,0.00624899641590927,394.025891341256
11.6438127090301,"Low plastic (<0.5)",0,-0.0165448706752879,0.022168477262664,-0.038713347937952,0.00562360658737612,394.025891341256
11.8428093645485,"Low plastic (<0.5)",0,-0.017162151260285,0.0221685246765102,-0.0393306759367952,0.00500637341622521,394.025891341256
12.0418060200669,"Low plastic (<0.5)",0,-0.0177714610803696,0.0221685868979625,-0.0399400479783321,0.00439712581759284,394.025891341256
12.2408026755853,"Low plastic (<0.5)",0,-0.0183729642982561,0.0221686547059769,-0.040541619004233,0.00379569040772074,394.025891341256
12.4397993311037,"Low plastic (<0.5)",0,-0.0189668306134715,0.0221687200304449,-0.0411355506439164,0.00320188941697341,394.025891341256
12.6387959866221,"Low plastic (<0.5)",0,-0.0195532306816461,0.0221687751166618,-0.0417220057983079,0.00261554443501566,394.025891341256
12.8377926421405,"Low plastic (<0.5)",0,-0.020132337563141,0.0221688136220297,-0.0423011511851707,0.00203647605888875,394.025891341256
13.0367892976589,"Low plastic (<0.5)",0,-0.0207043257465533,0.0221688302224154,-0.0428731559689687,0.00146450447586217,394.025891341256
13.2357859531773,"Low plastic (<0.5)",0,-0.0212693697126762,0.0221688205379251,-0.0434381902506014,0.000899450825248914,394.025891341256
13.4347826086957,"Low plastic (<0.5)",0,-0.0218276438802727,0.0221687819922352,-0.0439964258725079,0.000341138111962468,394.025891341256
13.633779264214,"Low plastic (<0.5)",0,-0.0223793224763642,0.022168712715713,-0.0445480351920772,-0.000210609760651195,394.025891341256
13.8327759197324,"Low plastic (<0.5)",0,-0.0229245776440355,0.0221686125178483,-0.0450931901618838,-0.000755965126187169,394.025891341256
14.0317725752508,"Low plastic (<0.5)",0,-0.0234635801975384,0.0221684823630321,-0.0456320625605705,-0.00129509783450634,394.025891341256
14.2307692307692,"Low plastic (<0.5)",0,-0.0239964992835983,0.0221683240508381,-0.0461648233344364,-0.00182817523276023,394.025891341256
14.4297658862876,"Low plastic (<0.5)",0,-0.0245234999319266,0.0221681409466405,-0.0466916408785671,-0.00235535898528612,394.025891341256
14.628762541806,"Low plastic (<0.5)",0,-0.0250447461581111,0.0221679367458977,-0.0472126829040088,-0.00287680941221335,394.025891341256
14.8277591973244,"Low plastic (<0.5)",0,-0.0255603972170356,0.0221677162108562,-0.0477281134278918,-0.00339268100617935,394.025891341256
15.0267558528428,"Low plastic (<0.5)",0,-0.0260706091235142,0.0221674846119119,-0.048238093735426,-0.00390312451160233,394.025891341256
15.2257525083612,"Low plastic (<0.5)",0,-0.0265755354751157,0.0221672472605614,-0.048742782735677,-0.00440828821455432,394.025891341256
15.4247491638796,"Low plastic (<0.5)",0,-0.0270753235374184,0.022167010108682,-0.0492423336461004,-0.00490831342873634,394.025891341256
15.623745819398,"Low plastic (<0.5)",0,-0.027570119107526,0.0221667785847156,-0.0497368976922417,-0.0054033405228104,394.025891341256
15.8227424749164,"Low plastic (<0.5)",0,-0.0280600622751579,0.0221665581606995,-0.0502266204358574,-0.00589350411445839,394.025891341256
16.0217391304348,"Low plastic (<0.5)",0,-0.0285452889801595,0.0221663539051809,-0.0507116428853404,-0.00637893507497867,394.025891341256
16.2207357859532,"Low plastic (<0.5)",0,-0.0290259327177805,0.0221661700365601,-0.0511921027543406,-0.00685976268122043,394.025891341256
16.4197324414716,"Low plastic (<0.5)",0,-0.0295021201831401,0.0221660105174173,-0.0516681307005574,-0.00733610966572281,394.025891341256
16.61872909699,"Low plastic (<0.5)",0,-0.0299739764993361,0.0221658780972516,-0.0521398545965877,-0.00780809840208454,394.025891341256
16.8177257525084,"Low plastic (<0.5)",0,-0.0304416214849634,0.022165774879148,-0.0526073963641115,-0.00827584660581538,394.025891341256
17.0167224080268,"Low plastic (<0.5)",0,-0.0309051708380447,0.0221657020781765,-0.0530708729162212,-0.00873946875986818,394.025891341256
17.2157190635452,"Low plastic (<0.5)",0,-0.0313647382410658,0.0221656596898316,-0.0535303979308974,-0.00919907855123412,394.025891341256
17.4147157190635,"Low plastic (<0.5)",0,-0.0318204314368063,0.0221656472335819,-0.0539860786703882,-0.00965478420322444,394.025891341256
17.6137123745819,"Low plastic (<0.5)",0,-0.0322723567707642,0.0221656629693951,-0.0544380197401593,-0.010106693801369,394.025891341256
17.8127090301003,"Low plastic (<0.5)",0,-0.0327206164827525,0.0221657045909215,-0.054886321073674,-0.010554911891831,394.025891341256
18.0117056856187,"Low plastic (<0.5)",0,-0.0331653094055975,0.0221657691763403,-0.0553310785819378,-0.0109995402292572,394.025891341256
18.2107023411371,"Low plastic (<0.5)",0,-0.0336065329662424,0.0221658529207552,-0.0557723858869977,-0.0114406800454872,394.025891341256
18.4096989966555,"Low plastic (<0.5)",0,-0.0340443802208455,0.0221659520930724,-0.0562103323139179,-0.0118784281277731,394.025891341256
18.6086956521739,"Low plastic (<0.5)",0,-0.0344789431656271,0.0221660622682169,-0.056645005433844,-0.0123128808974102,394.025891341256
18.8076923076923,"Low plastic (<0.5)",0,-0.0349103111000596,0.0221661791330106,-0.0570764902330702,-0.0127441319670489,394.025891341256
19.0066889632107,"Low plastic (<0.5)",0,-0.0353385709333278,0.0221662985301636,-0.0575048694634914,-0.0131722724031642,394.025891341256
19.2056856187291,"Low plastic (<0.5)",0,-0.0357638087285675,0.0221664161085445,-0.057930224837112,-0.013597392620023,394.025891341256
19.4046822742475,"Low plastic (<0.5)",0,-0.0361861077882706,0.0221665284205454,-0.0583526362088161,-0.0140195793677252,394.025891341256
19.6036789297659,"Low plastic (<0.5)",0,-0.0366055507158827,0.0221666320185428,-0.0587721827344255,-0.0144389186973399,394.025891341256
19.8026755852843,"Low plastic (<0.5)",0,-0.03702221854612,0.0221667242406863,-0.0591889427868064,-0.0148554943054337,394.025891341256
20.0016722408027,"Low plastic (<0.5)",0,-0.0374361908286397,0.022166803236851,-0.0596029940654907,-0.0152693875917887,394.025891341256
20.2006688963211,"Low plastic (<0.5)",0,-0.0378475466262022,0.0221668674215092,-0.0600144140477114,-0.0156806792046929,394.025891341256
20.3996655518395,"Low plastic (<0.5)",0,-0.0382563633301637,0.0221669165593011,-0.0604232798894648,-0.0160894467708626,394.025891341256
20.5986622073579,"Low plastic (<0.5)",0,-0.038662717880592,0.022166950695928,-0.06082966857652,-0.016495767184664,394.025891341256
20.7976588628763,"Low plastic (<0.5)",0,-0.0390666861890469,0.022166970786541,-0.0612336569755879,-0.0168997154025059,394.025891341256
20.9966555183947,"Low plastic (<0.5)",0,-0.0394683431272452,0.0221669786555413,-0.0616353217827865,-0.017301364471704,394.025891341256
21.195652173913,"Low plastic (<0.5)",0,-0.0398677631780586,0.0221669762615448,-0.0620347394396034,-0.0177007869165138,394.025891341256
21.3946488294314,"Low plastic (<0.5)",0,-0.0402650193825014,0.0221669666557895,-0.0624319860382909,-0.0180980527267119,394.025891341256
21.5936454849498,"Low plastic (<0.5)",0,-0.0406601843587146,0.0221669528529347,-0.0628271372116493,-0.0184932315057799,394.025891341256
21.7926421404682,"Low plastic (<0.5)",0,-0.0410533295640312,0.0221669382693777,-0.0632202678334089,-0.0188863912946534,394.025891341256
21.9916387959866,"Low plastic (<0.5)",0,-0.041444525202383,0.0221669266598724,-0.0636114518622554,-0.0192775985425105,394.025891341256
22.190635451505,"Low plastic (<0.5)",0,-0.0418338409465961,0.0221669213162939,-0.06400076226289,-0.0196669196303021,394.025891341256
22.3896321070234,"Low plastic (<0.5)",0,-0.0422213443422081,0.022166925906448,-0.0643882702486561,-0.0200544184357601,394.025891341256
22.5886287625418,"Low plastic (<0.5)",0,-0.0426071022705536,0.0221669434370799,-0.0647740457076336,-0.0204401588334737,394.025891341256
22.7876254180602,"Low plastic (<0.5)",0,-0.0429911797695236,0.0221669765913215,-0.0651581563608451,-0.0208242031782021,394.025891341256
22.9866220735786,"Low plastic (<0.5)",0,-0.0433736397510379,0.0221670277430585,-0.0655406674940965,-0.0212066120079794,394.025891341256
23.185618729097,"Low plastic (<0.5)",0,-0.0437545442926435,0.0221670982195691,-0.0659216425122126,-0.0215874460730745,394.025891341256
23.3846153846154,"Low plastic (<0.5)",0,-0.0441339519640216,0.0221671891408058,-0.0663011411048274,-0.0219667628232158,394.025891341256
23.5836120401338,"Low plastic (<0.5)",0,-0.0445119201818366,0.0221673005583616,-0.0666792207401982,-0.0223446196234751,394.025891341256
23.7826086956522,"Low plastic (<0.5)",0,-0.0448885035563159,0.0221674318198429,-0.0670559353761587,-0.022721071736473,394.025891341256
23.9816053511706,"Low plastic (<0.5)",0,-0.0452637532404808,0.022167581749846,-0.0674313349903268,-0.0230961714906348,394.025891341256
24.180602006689,"Low plastic (<0.5)",0,-0.0456377191979821,0.0221677480075828,-0.0678054672055649,-0.0234699711903992,394.025891341256
24.3795986622074,"Low plastic (<0.5)",0,-0.0460104462321341,0.0221679280606883,-0.0681783742928224,-0.0238425181714457,394.025891341256
24.5785953177258,"Low plastic (<0.5)",0,-0.0463819773548655,0.022168118460755,-0.0685500958156205,-0.0242138588941105,394.025891341256
24.7775919732441,"Low plastic (<0.5)",0,-0.0467523518608552,0.0221683152901798,-0.068920667151035,-0.0245840365706754,394.025891341256
24.9765886287625,"Low plastic (<0.5)",0,-0.0471216041527817,0.0221685145261162,-0.0692901186788979,-0.0249530896266655,394.025891341256
25.1755852842809,"Low plastic (<0.5)",0,-0.0474897671484357,0.0221687114022183,-0.069658478550654,-0.0253210557462174,394.025891341256
25.3745819397993,"Low plastic (<0.5)",0,-0.0478568671923507,0.0221689015559573,-0.0700257687483079,-0.0256879656363934,394.025891341256
25.5735785953177,"Low plastic (<0.5)",0,-0.0482229282089235,0.0221690803197113,-0.0703920085286349,-0.0260538478892122,394.025891341256
25.7725752508361,"Low plastic (<0.5)",0,-0.0485879698521052,0.0221692431875351,-0.0707572130396403,-0.0264187266645701,394.025891341256
25.9715719063545,"Low plastic (<0.5)",0,-0.0489520057712342,0.0221693862951203,-0.0711213920663545,-0.026782619476114,394.025891341256
26.1705685618729,"Low plastic (<0.5)",0,-0.0493150479851524,0.0221695056514049,-0.0714845536365573,-0.0271455423337475,394.025891341256
26.3695652173913,"Low plastic (<0.5)",0,-0.0496771012351408,0.0221695983694096,-0.0718466996045504,-0.0275075028657311,394.025891341256
26.5685618729097,"Low plastic (<0.5)",0,-0.0500381674122567,0.0221696618694923,-0.072207829281749,-0.0278685055427644,394.025891341256
26.7675585284281,"Low plastic (<0.5)",0,-0.0503982441461461,0.0221696942397921,-0.0725679383859382,-0.0282285499063539,394.025891341256
26.9665551839465,"Low plastic (<0.5)",0,-0.050757322663933,0.0221696947278206,-0.0729270173917536,-0.0285876279361124,394.025891341256
27.1655518394649,"Low plastic (<0.5)",0,-0.0511153926214038,0.0221696627784655,-0.0732850553998693,-0.0289457298429383,394.025891341256
27.3645484949833,"Low plastic (<0.5)",0,-0.0514724367120489,0.0221695991964816,-0.0736420359085306,-0.0293028375155673,394.025891341256
27.5635451505017,"Low plastic (<0.5)",0,-0.0518284347233852,0.0221695052552935,-0.0739979399786787,-0.0296589294680917,394.025891341256
27.7625418060201,"Low plastic (<0.5)",0,-0.0521833628135933,0.0221693828668559,-0.0743527456804492,-0.0300139799467374,394.025891341256
27.9615384615385,"Low plastic (<0.5)",0,-0.0525371913143569,0.0221692350149302,-0.0747064263292872,-0.0303679562994267,394.025891341256
28.1605351170569,"Low plastic (<0.5)",0,-0.0528898892629299,0.0221690646627678,-0.0750589539256977,-0.0307208246001621,394.025891341256
28.3595317725753,"Low plastic (<0.5)",0,-0.0532414201465144,0.0221688757479789,-0.0754102958944933,-0.0310725443985356,394.025891341256
28.5585284280936,"Low plastic (<0.5)",0,-0.0535917449810618,0.0221686722898434,-0.0757604172709052,-0.0314230726912185,394.025891341256
28.757525083612,"Low plastic (<0.5)",0,-0.0539408223195817,0.0221684583939771,-0.0761092807135588,-0.0317723639256046,394.025891341256
28.9565217391304,"Low plastic (<0.5)",0,-0.0542886064915505,0.022168238640636,-0.0764568451321865,-0.0321203678509145,394.025891341256
29.1555183946488,"Low plastic (<0.5)",0,-0.0546350509988746,0.022168017005239,-0.0768030680041136,-0.0324670339936355,394.025891341256
29.3545150501672,"Low plastic (<0.5)",0,-0.0549801061269199,0.0221677977106113,-0.0771479038375313,-0.0328123084163086,394.025891341256
29.5535117056856,"Low plastic (<0.5)",0,-0.0553237206334918,0.0221675844558413,-0.0774913050893331,-0.0331561361776505,394.025891341256
29.752508361204,"Low plastic (<0.5)",0,-0.0556658423050515,0.0221673803653786,-0.0778332226704301,-0.0334984619396729,394.025891341256
29.9515050167224,"Low plastic (<0.5)",0,-0.056006417153218,0.0221671884197243,-0.0781736055729423,-0.0338392287334937,394.025891341256
30.1505016722408,"Low plastic (<0.5)",0,-0.0563453909569768,0.0221670105008456,-0.0785124014578224,-0.0341783804561312,394.025891341256
30.3494983277592,"Low plastic (<0.5)",0,-0.0566827091434628,0.0221668482238226,-0.0788495573672854,-0.0345158609196403,394.025891341256
30.5484949832776,"Low plastic (<0.5)",0,-0.0570183169661911,0.0221667023536029,-0.079185019319794,-0.0348516146125882,394.025891341256
30.747491638796,"Low plastic (<0.5)",0,-0.0573521602487284,0.0221665727971116,-0.07951873304584,-0.0351855874516168,394.025891341256
30.9464882943144,"Low plastic (<0.5)",0,-0.0576841859438515,0.0221664591738213,-0.0798506451176728,-0.0355177267700302,394.025891341256
31.1454849498328,"Low plastic (<0.5)",0,-0.0580143414091747,0.0221663599813864,-0.0801807013905611,-0.0358479814277882,394.025891341256
31.3444816053512,"Low plastic (<0.5)",0,-0.0583425765284307,0.022166273522032,-0.0805088500504626,-0.0361763030063987,394.025891341256
31.5434782608696,"Low plastic (<0.5)",0,-0.0586688425661463,0.0221661974753974,-0.0808350400415437,-0.0365026450907489,394.025891341256
31.742474916388,"Low plastic (<0.5)",0,-0.0589930926709769,0.0221661289372795,-0.0811592216082563,-0.0368269637336974,394.025891341256
31.9414715719064,"Low plastic (<0.5)",0,-0.0593152839551006,0.0221660651628896,-0.0814813491179902,-0.037149218792211,394.025891341256
32.1404682274247,"Low plastic (<0.5)",0,-0.0596353745189111,0.0221660027396855,-0.0818013772585966,-0.0374693717792257,394.025891341256
32.3394648829431,"Low plastic (<0.5)",0,-0.0599533273481511,0.0221659386208823,-0.0821192659690334,-0.0377873887272689,394.025891341256
32.5384615384615,"Low plastic (<0.5)",0,-0.0602691082769792,0.0221658697543976,-0.0824349780313768,-0.0381032385225816,394.025891341256
32.7374581939799,"Low plastic (<0.5)",0,-0.060582685891285,0.0221657930755132,-0.0827484789667982,-0.0384168928157718,394.025891341256
32.9364548494983,"Low plastic (<0.5)",0,-0.0608940349539584,0.022165706360656,-0.0830597413146144,-0.0387283285933024,394.025891341256
33.1354515050167,"Low plastic (<0.5)",0,-0.0612031316513449,0.0221656072813023,-0.0833687389326472,-0.0390375243700426,394.025891341256
33.3344481605351,"Low plastic (<0.5)",0,-0.0615099584643863,0.0221654944430227,-0.083675452907409,-0.0393444640213635,394.025891341256
33.5334448160535,"Low plastic (<0.5)",0,-0.0618145017946813,0.0221653669780087,-0.08397986877269,-0.0396491348166725,394.025891341256
33.7324414715719,"Low plastic (<0.5)",0,-0.0621167510975382,0.0221652243844049,-0.0842819754819431,-0.0399515267131332,394.025891341256
33.9314381270903,"Low plastic (<0.5)",0,-0.0624167031405936,0.0221650673738087,-0.0845817705144022,-0.0402516357667849,394.025891341256
34.1304347826087,"Low plastic (<0.5)",0,-0.0627143563244643,0.0221648967718918,-0.0848792530963561,-0.0405494595525724,394.025891341256
34.3294314381271,"Low plastic (<0.5)",0,-0.0630097155639688,0.0221647144299884,-0.0851744299939572,-0.0408450011339804,394.025891341256
34.5284280936455,"Low plastic (<0.5)",0,-0.0633027901094486,0.0221645227616948,-0.0854673128711434,-0.0411382673477537,394.025891341256
34.7274247491639,"Low plastic (<0.5)",0,-0.0635935919990648,0.022164324401812,-0.0857579164008768,-0.0414292675972528,394.025891341256
34.9264214046823,"Low plastic (<0.5)",0,-0.0638821403812755,0.0221641229613174,-0.0860462633425929,-0.0417180174199581,394.025891341256
35.1254180602007,"Low plastic (<0.5)",0,-0.0641684559732968,0.0221639218621852,-0.086332377835482,-0.0420045341111116,394.025891341256
35.3244147157191,"Low plastic (<0.5)",0,-0.0644525650360661,0.0221637250656741,-0.0866162901017402,-0.042288839970392,394.025891341256
35.5234113712375,"Low plastic (<0.5)",0,-0.0647344977729788,0.0221635366175655,-0.0868980343905442,-0.0425709611554133,394.025891341256
35.7224080267559,"Low plastic (<0.5)",0,-0.0650142864468031,0.0221633602062077,-0.0871776466530108,-0.0428509262405954,394.025891341256
35.9214046822743,"Low plastic (<0.5)",0,-0.0652919688951122,0.0221631998372055,-0.0874551687323177,-0.0431287690579067,394.025891341256
36.1204013377926,"Low plastic (<0.5)",0,-0.0655675841785802,0.0221630587433485,-0.0877306429219286,-0.0434045254352317,394.025891341256
36.319397993311,"Low plastic (<0.5)",0,-0.0658411749752588,0.0221629399965631,-0.0880041149718219,-0.0436782349786957,394.025891341256
36.5183946488294,"Low plastic (<0.5)",0,-0.0661127867117452,0.0221628461627429,-0.0882756328744882,-0.0439499405490023,394.025891341256
36.7173913043478,"Low plastic (<0.5)",0,-0.0663824658650759,0.0221627788791412,-0.0885452447442171,-0.0442196869859347,394.025891341256
36.9163879598662,"Low plastic (<0.5)",0,-0.0666502618950862,0.0221627395555571,-0.0888130014506434,-0.0444875223395291,394.025891341256
37.1153846153846,"Low plastic (<0.5)",0,-0.0669162248968162,0.0221627284417994,-0.0890789533386156,-0.0447534964550168,394.025891341256
37.314381270903,"Low plastic (<0.5)",0,-0.0671804061153054,0.0221627452572081,-0.0893431513725136,-0.0450176608580973,394.025891341256
37.5133779264214,"Low plastic (<0.5)",0,-0.0674428577290208,0.0221627890209047,-0.0896056467499255,-0.045280068708116,394.025891341256
37.7123745819398,"Low plastic (<0.5)",0,-0.06770363189304,0.0221628577058213,-0.0898664895988614,-0.0455407741872187,394.025891341256
37.9113712374582,"Low plastic (<0.5)",0,-0.0679627805976543,0.0221629490881553,-0.0901257296858096,-0.045799831509499,394.025891341256
38.1103678929766,"Low plastic (<0.5)",0,-0.068220355724416,0.0221630599304028,-0.0903834156548188,-0.0460572957940132,394.025891341256
38.309364548495,"Low plastic (<0.5)",0,-0.0684764078016044,0.0221631867163132,-0.0906395945179176,-0.0463132210852912,394.025891341256
38.5083612040134,"Low plastic (<0.5)",0,-0.068730986184032,0.022163325640973,-0.090894311825005,-0.0465676605430589,394.025891341256
38.7073578595318,"Low plastic (<0.5)",0,-0.0689841392684717,0.0221634722828314,-0.0911476115513031,-0.0468206669856404,394.025891341256
38.9063545150502,"Low plastic (<0.5)",0,-0.0692359122097007,0.0221636226393648,-0.0913995348490655,-0.0470722895703359,394.025891341256
39.1053511705686,"Low plastic (<0.5)",0,-0.0694863492788588,0.0221637722929671,-0.0916501215718259,-0.0473225769858917,394.025891341256
39.304347826087,"Low plastic (<0.5)",0,-0.0697354913441567,0.0221639172161792,-0.0918994085603359,-0.0475715741279775,394.025891341256
39.5033444816054,"Low plastic (<0.5)",0,-0.0699833761222594,0.0221640538347012,-0.0921474299569605,-0.0478193222875582,394.025891341256
39.7023411371237,"Low plastic (<0.5)",0,-0.0702300397316893,0.0221641785891624,-0.0923942183208517,-0.0480658611425269,394.025891341256
39.9013377926421,"Low plastic (<0.5)",0,-0.0704755126646428,0.0221642890705103,-0.0926398017351531,-0.0483112235941325,394.025891341256
40.1003344481605,"Low plastic (<0.5)",0,-0.0707198238708928,0.0221643830529665,-0.0928842069238592,-0.0485554408179263,394.025891341256
40.2993311036789,"Low plastic (<0.5)",0,-0.0709629976766282,0.0221644592357542,-0.0931274569123824,-0.048798538440874,394.025891341256
40.4983277591973,"Low plastic (<0.5)",0,-0.0712050538348558,0.0221645172803741,-0.0933695711152299,-0.0490405365544817,394.025891341256
40.6973244147157,"Low plastic (<0.5)",0,-0.0714460102388201,0.0221645571745913,-0.0936105674134114,-0.0492814530642289,394.025891341256
40.8963210702341,"Low plastic (<0.5)",0,-0.0716858779524298,0.0221645803121566,-0.0938504582645864,-0.0495212976402732,394.025891341256
41.0953177257525,"Low plastic (<0.5)",0,-0.0719246660990181,0.0221645883906347,-0.0940892544896527,-0.0497600777083834,394.025891341256
41.2943143812709,"Low plastic (<0.5)",0,-0.0721623789773866,0.0221645839652809,-0.0943269629426675,-0.0499977950121058,394.025891341256
41.4933110367893,"Low plastic (<0.5)",0,-0.072399015789986,0.0221645704194839,-0.0945635862094699,-0.0502344453705021,394.025891341256
41.6923076923077,"Low plastic (<0.5)",0,-0.0726345740032781,0.0221645511663724,-0.0947991251696505,-0.0504700228369057,394.025891341256
41.8913043478261,"Low plastic (<0.5)",0,-0.072869044482452,0.0221645305646354,-0.0950335750470874,-0.0507045139178165,394.025891341256
42.0903010033445,"Low plastic (<0.5)",0,-0.073102416128022,0.0221645128014477,-0.0952669289294697,-0.0509379033265743,394.025891341256
42.2892976588629,"Low plastic (<0.5)",0,-0.0733346738116955,0.0221645022475149,-0.0954991760592104,-0.0511701715641806,394.025891341256
42.4882943143813,"Low plastic (<0.5)",0,-0.0735657978598553,0.0221645034099077,-0.095730301269763,-0.0514012944499477,394.025891341256
42.6872909698997,"Low plastic (<0.5)",0,-0.073795767311214,0.0221645201113179,-0.0959602874225318,-0.0516312471998961,394.025891341256
42.8862876254181,"Low plastic (<0.5)",0,-0.0740245562188857,0.022164556269689,-0.0961891124885746,-0.0518599999491967,394.025891341256
43.0852842809365,"Low plastic (<0.5)",0,-0.0742521370756196,0.022164614921939,-0.0964167519975586,-0.0520875221536806,394.025891341256
43.2842809364548,"Low plastic (<0.5)",0,-0.0744784799176131,0.0221646984948183,-0.0966431784124314,-0.0523137814227948,394.025891341256
43.4832775919732,"Low plastic (<0.5)",0,-0.0747035518208408,0.0221648088516404,-0.0968683606724813,-0.0525387429692004,394.025891341256
43.6822742474916,"Low plastic (<0.5)",0,-0.0749273192367203,0.0221649465839879,-0.0970922658207082,-0.0527623726527325,394.025891341256
43.88127090301,"Low plastic (<0.5)",0,-0.0751497463068382,0.0221651118051629,-0.0973148581120011,-0.0529846345016752,394.025891341256
44.0802675585284,"Low plastic (<0.5)",0,-0.0753707964187338,0.0221653033893376,-0.0975360998080714,-0.0532054930293961,394.025891341256
44.2792642140468,"Low plastic (<0.5)",0,-0.0755904324915848,0.0221655193041147,-0.0977559517956995,-0.0534249131874701,394.025891341256
44.4782608695652,"Low plastic (<0.5)",0,-0.0758086168419516,0.0221657568501436,-0.0979743736920952,-0.0536428599918081,394.025891341256
44.6772575250836,"Low plastic (<0.5)",0,-0.0760253119054533,0.0221660120801733,-0.0981913239856267,-0.05385929982528,394.025891341256
44.876254180602,"Low plastic (<0.5)",0,-0.07624048100123,0.0221662807634554,-0.0984067617646854,-0.0540742002377746,394.025891341256
45.0752508361204,"Low plastic (<0.5)",0,-0.0764540877880576,0.0221665577766369,-0.0986206455646945,-0.0542875300114207,394.025891341256
45.2742474916388,"Low plastic (<0.5)",0,-0.0766660974415613,0.0221668375490785,-0.0988329349906398,-0.0544992598924828,394.025891341256
45.4732441471572,"Low plastic (<0.5)",0,-0.076876477224243,0.0221671145076608,-0.0990435917319037,-0.0547093627165822,394.025891341256
45.6722408026756,"Low plastic (<0.5)",0,-0.0770851952075789,0.0221673824965398,-0.0992525777041187,-0.0549178127110391,394.025891341256
45.871237458194,"Low plastic (<0.5)",0,-0.0772922234139419,0.022167635944633,-0.0994598593585748,-0.0551245874693089,394.025891341256
46.0702341137124,"Low plastic (<0.5)",0,-0.077497535394775,0.0221678692535943,-0.0996654046483693,-0.0553296661411807,394.025891341256
46.2692307692308,"Low plastic (<0.5)",0,-0.0777011078121755,0.0221680772611107,-0.0998691850732862,-0.0555330305510649,394.025891341256
46.4682274247492,"Low plastic (<0.5)",0,-0.077902921900744,0.0221682557961652,-0.100071177696909,-0.0557346661045788,394.025891341256
46.6672240802676,"Low plastic (<0.5)",0,-0.0781029602270052,0.022168400929848,-0.100271361156853,-0.0559345592971572,394.025891341256
46.866220735786,"Low plastic (<0.5)",0,-0.0783012116392732,0.0221685102111637,-0.100469721850437,-0.0561327014281095,394.025891341256
47.0652173913044,"Low plastic (<0.5)",0,-0.0784976675622605,0.0221685819247904,-0.100666249487051,-0.05632908563747,394.025891341256
47.2642140468227,"Low plastic (<0.5)",0,-0.0786923234521653,0.0221686154048206,-0.100860938856986,-0.0565237080473447,394.025891341256
47.4632107023411,"Low plastic (<0.5)",0,-0.078885181097846,0.0221686115542501,-0.101053792652096,-0.0567165695435958,394.025891341256
47.6622073578595,"Low plastic (<0.5)",0,-0.0790762438983491,0.0221685718601313,-0.10124481575848,-0.0569076720382178,394.025891341256
47.8612040133779,"Low plastic (<0.5)",0,-0.079265522676998,0.0221684994881157,-0.101434022165114,-0.0570970231888823,394.025891341256
48.0602006688963,"Low plastic (<0.5)",0,-0.07945303150073,0.0221683984117007,-0.101621429912431,-0.0572846330890293,394.025891341256
48.2591973244147,"Low plastic (<0.5)",0,-0.0796387885898877,0.0221682734791411,-0.101807062069029,-0.0574705151107466,394.025891341256
48.4581939799331,"Low plastic (<0.5)",0,-0.0798228191367127,0.0221681308022313,-0.101990949938944,-0.0576546883344814,394.025891341256
48.6571906354515,"Low plastic (<0.5)",0,-0.0800051499426902,0.0221679766462899,-0.10217312658898,-0.0578371732964003,394.025891341256
48.8561872909699,"Low plastic (<0.5)",0,-0.0801858149847408,0.0221678182643821,-0.102353633249123,-0.0580179967203586,394.025891341256
49.0551839464883,"Low plastic (<0.5)",0,-0.0803648515852049,0.0221676630380323,-0.102532514623237,-0.0581971885471726,394.025891341256
49.2541806020067,"Low plastic (<0.5)",0,-0.0805423005854775,0.0221675183657158,-0.102709818951193,-0.0583747822197617,394.025891341256
49.4531772575251,"Low plastic (<0.5)",0,-0.0807182091381517,0.0221673919603881,-0.10288560109854,-0.0585508171777636,394.025891341256
49.6521739130435,"Low plastic (<0.5)",0,-0.080892625734788,0.0221672908346719,-0.10305991656946,-0.0587253349001161,394.025891341256
49.8511705685619,"Low plastic (<0.5)",0,-0.0810656044850182,0.0221672219578365,-0.103232826442855,-0.0588983825271818,394.025891341256
50.0501672240803,"Low plastic (<0.5)",0,-0.0812372022957361,0.0221671915938612,-0.103404393889597,-0.0590700107018749,394.025891341256
50.2491638795987,"Low plastic (<0.5)",0,-0.0814074783906745,0.0221672052058117,-0.103574683596486,-0.0592402731848629,394.025891341256
50.4481605351171,"Low plastic (<0.5)",0,-0.0815764964292144,0.0221672678328977,-0.103743764262112,-0.0594092285963167,394.025891341256
50.6471571906355,"Low plastic (<0.5)",0,-0.0817443209203174,0.0221673833315748,-0.103911704251892,-0.0595769375887426,394.025891341256
50.8461538461538,"Low plastic (<0.5)",0,-0.0819110194699407,0.0221675550981439,-0.104078574568085,-0.0597434643717968,394.025891341256
51.0451505016722,"Low plastic (<0.5)",0,-0.0820766613305317,0.022167785703632,-0.104244447034164,-0.0599088756268997,394.025891341256
51.2441471571906,"Low plastic (<0.5)",0,-0.0822413165845853,0.0221680769769706,-0.104409393561556,-0.0600732396076147,394.025891341256
51.443143812709,"Low plastic (<0.5)",0,-0.0824050570017178,0.0221684306561594,-0.104573487657877,-0.0602366263455584,394.025891341256
51.6421404682274,"Low plastic (<0.5)",0,-0.0825679545751355,0.0221688478417542,-0.10473680241689,-0.0603991067333814,394.025891341256
51.8411371237458,"Low plastic (<0.5)",0,-0.0827300814391901,0.0221693300025363,-0.104899411441726,-0.0605607514366537,394.025891341256
52.0401337792642,"Low plastic (<0.5)",0,-0.0828915098053113,0.0221698788386517,-0.105061388643963,-0.0607216309666596,394.025891341256
52.2391304347826,"Low plastic (<0.5)",0,-0.0830523112559167,0.0221704965207815,-0.105222807776698,-0.0608818147351353,394.025891341256
52.438127090301,"Low plastic (<0.5)",0,-0.0832125559745677,0.0221711866781205,-0.105383742652688,-0.0610413692964472,394.025891341256
52.6371237458194,"Low plastic (<0.5)",0,-0.0833723137094908,0.0221719538199479,-0.105544267529439,-0.061200359889543,394.025891341256
52.8361204013378,"Low plastic (<0.5)",0,-0.0835316515582271,0.02217280461747,-0.105704456175697,-0.0613588469407571,394.025891341256
53.0351170568562,"Low plastic (<0.5)",0,-0.0836906350018345,0.0221737477867227,-0.105864382788557,-0.0615168872151117,394.025891341256
53.2341137123746,"Low plastic (<0.5)",0,-0.0838493277367475,0.0221747942575998,-0.106024121994347,-0.0616745334791477,394.025891341256
53.433110367893,"Low plastic (<0.5)",0,-0.0840077892588647,0.0221759583317202,-0.106183747590585,-0.0618318309271445,394.025891341256
53.6321070234114,"Low plastic (<0.5)",0,-0.0841660780482559,0.0221772567969168,-0.106343334845173,-0.0619888212513392,394.025891341256
53.8311036789298,"Low plastic (<0.5)",0,-0.0843242478496019,0.022178710199478,-0.10650295804908,-0.0621455376501239,394.025891341256
54.0301003344482,"Low plastic (<0.5)",0,-0.0844823493240739,0.0221803425221519,-0.106662691846226,-0.0623020068019221,394.025891341256
54.2290969899666,"Low plastic (<0.5)",0,-0.0846404306836093,0.0221821810077424,-0.106822611691352,-0.0624582496758668,394.025891341256
54.4280936454849,"Low plastic (<0.5)",0,-0.0847985340004733,0.0221842571378827,-0.106982791138356,-0.0626142768625906,394.025891341256
54.6270903010033,"Low plastic (<0.5)",0,-0.0849566999328525,0.0221866053566014,-0.107143305289454,-0.0627700945762511,394.025891341256
54.8260869565217,"Low plastic (<0.5)",0,-0.0851149634037356,0.0221892639258403,-0.107304227329576,-0.0629256994778953,394.025891341256
55.0250836120401,"Low plastic (<0.5)",0,-0.0852733553461408,0.0221922743008762,-0.107465629647017,-0.0630810810452646,394.025891341256
55.2240802675585,"Low plastic (<0.5)",0,-0.0854319041416931,0.0221956805073466,-0.10762758464904,-0.0632362236343466,394.025891341256
55.4230769230769,"Low plastic (<0.5)",0,-0.0855906313664825,0.0221995296089922,-0.107790160975475,-0.0633911017574903,394.025891341256
55.6220735785953,"Low plastic (<0.5)",0,-0.0857495570469009,0.0222038702524288,-0.10795342729933,-0.0635456867944721,394.025891341256
55.8210702341137,"Low plastic (<0.5)",0,-0.0859086957010693,0.0222087528671624,-0.108117448568232,-0.0636999428339069,394.025891341256
56.0200668896321,"Low plastic (<0.5)",0,-0.0860680577528212,0.0222142288449844,-0.108282286597806,-0.0638538289078368,394.025891341256
56.2190635451505,"Low plastic (<0.5)",0,-0.0862276514895405,0.0222203496639775,-0.108448001153518,-0.0640073018255629,394.025891341256
56.4180602006689,"Low plastic (<0.5)",0,-0.0863874791538335,0.0222271667884625,-0.108614645942296,-0.064160312365371,394.025891341256
56.6170568561873,"Low plastic (<0.5)",0,-0.0865475416079813,0.0222347304261677,-0.108782272034149,-0.0643128111818136,394.025891341256
56.8160535117057,"Low plastic (<0.5)",0,-0.0867078355488024,0.0222430892391308,-0.108950924787933,-0.0644647463096716,394.025891341256
57.0150501672241,"Low plastic (<0.5)",0,-0.0868683543653842,0.0222522896032479,-0.109120643968632,-0.0646160647621364,394.025891341256
57.2140468227425,"Low plastic (<0.5)",0,-0.0870290901043899,0.0222623748640255,-0.109291464968415,-0.0647667152403643,394.025891341256
57.4130434782609,"Low plastic (<0.5)",0,-0.0871900308181475,0.0222733850533371,-0.109463415871485,-0.0649166457648104,394.025891341256
57.6120401337793,"Low plastic (<0.5)",0,-0.0873511636470118,0.0222853561266559,-0.109636519773668,-0.0650658075203558,394.025891341256
57.8110367892977,"Low plastic (<0.5)",0,-0.0875124737015086,0.0222983197681917,-0.1098107934697,-0.0652141539333168,394.025891341256
58.0100334448161,"Low plastic (<0.5)",0,-0.0876739443703668,0.0223123030438566,-0.109986247414223,-0.0653616413265103,394.025891341256
58.2090301003345,"Low plastic (<0.5)",0,-0.0878355586839821,0.0223273280606407,-0.110162886744623,-0.0655082306233414,394.025891341256
58.4080267558528,"Low plastic (<0.5)",0,-0.0879972986277818,0.0223434122882421,-0.110340710916024,-0.0656538863395398,394.025891341256
58.6070234113712,"Low plastic (<0.5)",0,-0.0881591459860555,0.0223605680984254,-0.110519714084481,-0.06579857788763,394.025891341256
58.8060200668896,"Low plastic (<0.5)",0,-0.0883210829962206,0.022378803426574,-0.110699886422795,-0.0659422795696466,394.025891341256
59.005016722408,"Low plastic (<0.5)",0,-0.0884830923062478,0.0223981220191093,-0.110881214325357,-0.0660849702871385,394.025891341256
59.2040133779264,"Low plastic (<0.5)",0,-0.0886451571894289,0.0224185233322797,-0.111063680521709,-0.0662266338571492,394.025891341256
59.4030100334448,"Low plastic (<0.5)",0,-0.0888072631832276,0.0224400044432496,-0.111247267626477,-0.066367258739978,394.025891341256
59.6020066889632,"Low plastic (<0.5)",0,-0.0889693964807113,0.0224625591398751,-0.111431955620586,-0.0665068373408362,394.025891341256
59.8010033444816,"Low plastic (<0.5)",0,-0.0891315461125998,0.022486180068062,-0.111617726180662,-0.0666453660445379,394.025891341256
60,"Low plastic (<0.5)",0,-0.089293703855471,0.0225108596274736,-0.111804563482945,-0.0667828442279974,394.025891341256
0.5,"High plastic (>0.5)",0,-0.0207765320405627,0.0178581394529707,-0.0386346714935334,-0.00291839258759198,394.025891341256
0.698996655518395,"High plastic (>0.5)",0,-0.0187020551311459,0.017764016092208,-0.0364660712233539,-0.000938039038937889,394.025891341256
0.897993311036789,"High plastic (>0.5)",0,-0.0166289548516492,0.0176748715615773,-0.0343038264132265,0.00104591670992807,394.025891341256
1.09698996655518,"High plastic (>0.5)",0,-0.0145586285101763,0.017590817828914,-0.0321494463390903,0.00303218931873772,394.025891341256
1.29598662207358,"High plastic (>0.5)",0,-0.0124929783918907,0.017511962838735,-0.0300049412306257,0.00501898444684428,394.025891341256
1.49498327759197,"High plastic (>0.5)",0,-0.0104344286408583,0.0174384026418107,-0.027872831282669,0.00700397400095246,394.025891341256
1.69397993311037,"High plastic (>0.5)",0,-0.00838554752790205,0.0173702028647198,-0.0257557503926218,0.00898465533681774,394.025891341256
1.89297658862876,"High plastic (>0.5)",0,-0.0063494213554928,0.017307404943649,-0.0236568262991418,0.0109579835881562,394.025891341256
2.09197324414716,"High plastic (>0.5)",0,-0.00432928429304899,0.017250010757334,-0.021579295050383,0.012920726464285,394.025891341256
2.29096989966555,"High plastic (>0.5)",0,-0.00232859713579495,0.0171979823612578,-0.0195265794970527,0.0148693852254629,394.025891341256
2.48996655518395,"High plastic (>0.5)",0,-0.000351070808750076,0.0171512400852972,-0.0175023108940472,0.0168001692765471,394.025891341256
2.68896321070234,"High plastic (>0.5)",0,0.00159953729251927,0.0171096580566663,-0.015510120764147,0.0187091953491855,394.025891341256
2.88795986622074,"High plastic (>0.5)",0,0.00351931356319832,0.0170730672835552,-0.0135537537203568,0.0205923808467535,394.025891341256
3.08695652173913,"High plastic (>0.5)",0,0.00540429907622678,0.0170412553298857,-0.0116369562536589,0.0224455544061124,394.025891341256
3.28595317725753,"High plastic (>0.5)",0,0.00725053770133968,0.0170139694910421,-0.00976343178970241,0.0242645071923818,394.025891341256
3.48494983277592,"High plastic (>0.5)",0,0.00905407661139276,0.0169909211455526,-0.00793684453415981,0.0260449977569453,394.025891341256
3.68394648829431,"High plastic (>0.5)",0,0.010810992516285,0.0169717897149414,-0.00616079719865641,0.0277827822312264,394.025891341256
3.88294314381271,"High plastic (>0.5)",0,0.0125175095229331,0.0169562296628185,-0.00443872013988542,0.0294737391857516,394.025891341256
4.0819397993311,"High plastic (>0.5)",0,0.0141699026934931,0.0169438755722759,-0.00277397287878275,0.031113778265769,394.025891341256
4.2809364548495,"High plastic (>0.5)",0,0.0157646206184859,0.0169343495473047,-0.00116972892881885,0.0326989701657906,394.025891341256
4.47993311036789,"High plastic (>0.5)",0,0.0172983304230577,0.0169272690299203,0.000371061393137435,0.034225599452978,394.025891341256
4.67892976588629,"High plastic (>0.5)",0,0.0187677818210936,0.0169222508854476,0.00184553093564595,0.0356900327065412,394.025891341256
4.87792642140468,"High plastic (>0.5)",0,0.0201700968158135,0.0169189226330967,0.00325117418271682,0.0370890194489102,394.025891341256
5.07692307692308,"High plastic (>0.5)",0,0.021502529635288,0.0169169244683332,0.00458560516695482,0.0384194541036213,394.025891341256
5.27591973244147,"High plastic (>0.5)",0,0.022762613810357,0.0169159170082461,0.00584669680211099,0.0396785308186031,394.025891341256
5.47491638795987,"High plastic (>0.5)",0,0.0239482586474407,0.0169155885668784,0.00703267008056221,0.0408638472143191,394.025891341256
5.67391304347826,"High plastic (>0.5)",0,0.0250574859774053,0.0169156533584058,0.00814183261899945,0.0419731393358111,394.025891341256
5.87290969899666,"High plastic (>0.5)",0,0.0260888217666151,0.0169158633451747,0.00917295842144042,0.0430046851117898,394.025891341256
6.07190635451505,"High plastic (>0.5)",0,0.0270409814785094,0.0169160037357964,0.010124977742713,0.0439569852143059,394.025891341256
6.27090301003344,"High plastic (>0.5)",0,0.0279130007200358,0.0169158971522888,0.010997103567747,0.0448288978723246,394.025891341256
6.46989966555184,"High plastic (>0.5)",0,0.0287043753045022,0.016915407722138,0.0117889675823643,0.0456197830266402,394.025891341256
6.66889632107023,"High plastic (>0.5)",0,0.02941472182438,0.0169144327102734,0.0125002891141066,0.0463291545346534,394.025891341256
6.86789297658863,"High plastic (>0.5)",0,0.0300441958417591,0.016912911174032,0.0131312846677271,0.0469571070157911,394.025891341256
7.06688963210702,"High plastic (>0.5)",0,0.030593168476618,0.0169108145954509,0.0136823538811671,0.0475039830720689,394.025891341256
7.26588628762542,"High plastic (>0.5)",0,0.0310623140206056,0.0169081462732795,0.0141541677473261,0.047970460293885,394.025891341256
7.46488294314381,"High plastic (>0.5)",0,0.0314527724392474,0.0169049417625252,0.0145478306767223,0.0483577142017726,394.025891341256
7.66387959866221,"High plastic (>0.5)",0,0.0317657940605444,0.0169012574183313,0.0148645366422131,0.0486670514788756,394.025891341256
7.8628762541806,"High plastic (>0.5)",0,0.0320031140574572,0.0168971743054484,0.0151059397520088,0.0489002883629056,394.025891341256
8.061872909699,"High plastic (>0.5)",0,0.0321666743689659,0.016892788026318,0.0152738863426479,0.0490594623952839,394.025891341256
8.26086956521739,"High plastic (>0.5)",0,0.0322586586141076,0.0168882051151938,0.0153704534989138,0.0491468637293014,394.025891341256
8.45986622073579,"High plastic (>0.5)",0,0.0322816470537857,0.0168835413295226,0.0153981057242631,0.0491651883833082,394.025891341256
8.65886287625418,"High plastic (>0.5)",0,0.0322383054938183,0.0168789116529178,0.0153593938409005,0.0491172171467361,394.025891341256
8.85785953177258,"High plastic (>0.5)",0,0.0321316606659035,0.0168744310652268,0.0152572296006766,0.0490060917311303,394.025891341256
9.05685618729097,"High plastic (>0.5)",0,0.0319649035799106,0.0168702071948639,0.0150946963850467,0.0488351107747744,394.025891341256
9.25585284280936,"High plastic (>0.5)",0,0.0317413781888724,0.0168663370421043,0.0148750411467681,0.0486077152309767,394.025891341256
9.45484949832776,"High plastic (>0.5)",0,0.031464696526851,0.0168629058808998,0.0146017906459512,0.0483276024077508,394.025891341256
9.65384615384615,"High plastic (>0.5)",0,0.0311385220259232,0.0168599814478191,0.0142785405781041,0.0479985034737423,394.025891341256
9.85284280936455,"High plastic (>0.5)",0,0.0307667125333056,0.0168576151907139,0.0139090973425917,0.0476243277240194,394.025891341256
10.0518394648829,"High plastic (>0.5)",0,0.0303532203171883,0.016855839143302,0.0134973811738863,0.0472090594604903,394.025891341256
10.2508361204013,"High plastic (>0.5)",0,0.0299020530198016,0.0168546654706858,0.0130473875491158,0.0467567184904873,394.025891341256
10.4498327759197,"High plastic (>0.5)",0,0.0294173216257749,0.0168540884311788,0.0125632331945961,0.0462714100569537,394.025891341256
10.6488294314381,"High plastic (>0.5)",0,0.0289031504139885,0.0168540821594021,0.0120490682545864,0.0457572325733906,394.025891341256
10.8478260869565,"High plastic (>0.5)",0,0.02836367971716,0.0168546052890059,0.011509074428154,0.0452182850061659,394.025891341256
11.0468227424749,"High plastic (>0.5)",0,0.027803057937332,0.0168556007785473,0.0109474571587846,0.0446586587158793,394.025891341256
11.2458193979933,"High plastic (>0.5)",0,0.0272253991448604,0.0168569981174096,0.0103684010274507,0.04408239726227,394.025891341256
11.4448160535117,"High plastic (>0.5)",0,0.0266347478347239,0.0168587188689249,0.009776028965799,0.0434934667036488,394.025891341256
11.6438127090301,"High plastic (>0.5)",0,0.0260351249307799,0.0168606748822443,0.00917445004853563,0.0428957998130243,394.025891341256
11.8428093645485,"High plastic (>0.5)",0,0.0254304064897762,0.0168627763812465,0.00856763010852971,0.0422931828710227,394.025891341256
12.0418060200669,"High plastic (>0.5)",0,0.024824387649367,0.0168649320070542,0.00795945564231282,0.0416893196564213,394.025891341256
12.2408026755853,"High plastic (>0.5)",0,0.0242207600394426,0.0168670512571749,0.00735370878226767,0.0410878112966174,394.025891341256
12.4397993311037,"High plastic (>0.5)",0,0.0236229926337043,0.016869051994984,0.00675394063872028,0.0404920446286882,394.025891341256
12.6387959866221,"High plastic (>0.5)",0,0.023034499796536,0.0168708559557498,0.00616364384078616,0.0399053557522858,394.025891341256
12.8377926421405,"High plastic (>0.5)",0,0.0224584308719156,0.0168723979047171,0.00558603296719844,0.0393308287766327,394.025891341256
13.0367892976589,"High plastic (>0.5)",0,0.0218977772385141,0.0168736237608914,0.00502415347762277,0.0387714009994055,394.025891341256
13.2357859531773,"High plastic (>0.5)",0,0.0213553853709942,0.0168744907707645,0.00448089460022968,0.0382298761417587,394.025891341256
13.4347826086957,"High plastic (>0.5)",0,0.0208337692276335,0.016874974525439,0.00395879470219457,0.0377087437530725,394.025891341256
13.633779264214,"High plastic (>0.5)",0,0.0203353665554114,0.0168750609710596,0.00346030558435178,0.0372104275264711,394.025891341256
13.8327759197324,"High plastic (>0.5)",0,0.0198622848305658,0.0168747538045887,0.00298753102597709,0.0367370386351546,394.025891341256
14.0317725752508,"High plastic (>0.5)",0,0.0194164212133365,0.0168740704080166,0.00254235080531995,0.0362904916213531,394.025891341256
14.2307692307692,"High plastic (>0.5)",0,0.0189995158706462,0.0168730390911822,0.00212647677946392,0.0358725549618284,394.025891341256
14.4297658862876,"High plastic (>0.5)",0,0.0186129247730506,0.016871703947977,0.00174122082507364,0.0354846287210276,394.025891341256
14.628762541806,"High plastic (>0.5)",0,0.0182579178318117,0.0168701151581237,0.00138780267368797,0.0351280329899355,394.025891341256
14.8277591973244,"High plastic (>0.5)",0,0.0179354278558146,0.016868333361458,0.0010670944943566,0.0348037612172726,394.025891341256
15.0267558528428,"High plastic (>0.5)",0,0.0176461582734503,0.016866424781215,0.000779733492235358,0.0345125830546653,394.025891341256
15.2257525083612,"High plastic (>0.5)",0,0.0173906692404192,0.0168644569448552,0.000526212295564023,0.0342551261852744,394.025891341256
15.4247491638796,"High plastic (>0.5)",0,0.0171691475268585,0.0168625015011507,0.000306646025707853,0.0340316490280092,394.025891341256
15.623745819398,"High plastic (>0.5)",0,0.0169816965445594,0.016860625564157,0.000121070980402382,0.0338423221087164,394.025891341256
15.8227424749164,"High plastic (>0.5)",0,0.0168281276013388,0.0168588940735786,-0.000030766472239839,0.0336870216749174,394.025891341256
16.0217391304348,"High plastic (>0.5)",0,0.0167080396281615,0.0168573660188721,-0.00014932639071066,0.0335654056470336,394.025891341256
16.2207357859532,"High plastic (>0.5)",0,0.0166209207385681,0.0168560908374805,-0.000235170098912409,0.0334770115760486,394.025891341256
16.4197324414716,"High plastic (>0.5)",0,0.0165659523653173,0.0168551109430203,-0.000289158577702928,0.0334210633083376,394.025891341256
16.61872909699,"High plastic (>0.5)",0,0.0165422469885833,0.0168544557879818,-0.000312208799398517,0.033396702776565,394.025891341256
16.8177257525084,"High plastic (>0.5)",0,0.0165487073444796,0.0168541444947132,-0.000305437150233678,0.0334028518391928,394.025891341256
17.0167224080268,"High plastic (>0.5)",0,0.0165840732438003,0.0168541843833137,-0.000270111139513432,0.033438257627114,394.025891341256
17.2157190635452,"High plastic (>0.5)",0,0.016647016040279,0.0168545692484913,-0.000207553208212231,0.0335015852887703,394.025891341256
17.4147157190635,"High plastic (>0.5)",0,0.0167360072242372,0.0168552836417315,-0.000119276417494339,0.0335912908659686,394.025891341256
17.6137123745819,"High plastic (>0.5)",0,0.0168494730061595,0.0168562991525136,-0.00000682614635404838,0.0337057721586731,394.025891341256
17.8127090301003,"High plastic (>0.5)",0,0.0169857306199691,0.0168575789461871,0.000128151673781933,0.0338433095661562,394.025891341256
18.0117056856187,"High plastic (>0.5)",0,0.0171430068705733,0.0168590783763422,0.000283928494231134,0.0340020852469155,394.025891341256
18.2107023411371,"High plastic (>0.5)",0,0.0173195036004165,0.0168607444107673,0.000458759189649202,0.0341802480111838,394.025891341256
18.4096989966555,"High plastic (>0.5)",0,0.0175133480855821,0.0168625224333126,0.000650825652269562,0.0343758705188947,394.025891341256
18.6086956521739,"High plastic (>0.5)",0,0.0177226514789791,0.0168643526314776,0.000858298847501528,0.0345870041104566,394.025891341256
18.8076923076923,"High plastic (>0.5)",0,0.0179455155380534,0.0168661761723063,0.0010793393657471,0.0348116917103596,394.025891341256
19.0066889632107,"High plastic (>0.5)",0,0.0181800336930284,0.0168679365462091,0.00131209714681927,0.0350479702392375,394.025891341256
19.2056856187291,"High plastic (>0.5)",0,0.0184243118018756,0.016869578205998,0.00155473359587754,0.0352938900078736,394.025891341256
19.4046822742475,"High plastic (>0.5)",0,0.0186765017137255,0.0168710548557652,0.00180544685796022,0.0355475565694907,394.025891341256
19.6036789297659,"High plastic (>0.5)",0,0.0189347691351246,0.0168723239919745,0.00206244514315009,0.0358070931270991,394.025891341256
19.8026755852843,"High plastic (>0.5)",0,0.0191973520865462,0.0168733529555,0.0023239991310462,0.0360707050420462,394.025891341256
20.0016722408027,"High plastic (>0.5)",0,0.0194625570454431,0.0168741195651325,0.00258843748031058,0.0363366766105756,394.025891341256
20.2006688963211,"High plastic (>0.5)",0,0.019728729421372,0.0168746085277501,0.00285412089362185,0.0366033379491221,394.025891341256
20.3996655518395,"High plastic (>0.5)",0,0.0199943559793573,0.016874819240591,0.00311953673876628,0.0368691752199483,394.025891341256
20.5986622073579,"High plastic (>0.5)",0,0.0202579632716256,0.0168747581744869,0.00338320509713872,0.0371327214461125,394.025891341256
20.7976588628763,"High plastic (>0.5)",0,0.0205182028494719,0.0168744430791814,0.00364375977029049,0.0373926459286533,394.025891341256
20.9966555183947,"High plastic (>0.5)",0,0.0207738526409066,0.0168739023296377,0.00389995031126893,0.0376477549705444,394.025891341256
21.195652173913,"High plastic (>0.5)",0,0.0210237431096683,0.0168731693098382,0.00415057379983007,0.0378969124195065,394.025891341256
21.3946488294314,"High plastic (>0.5)",0,0.0212669021573422,0.0168722882961578,0.00439461386118441,0.0381391904535001,394.025891341256
21.5936454849498,"High plastic (>0.5)",0,0.0215024150399355,0.0168713060808826,0.00463110895905292,0.0383737211208181,394.025891341256
21.7926421404682,"High plastic (>0.5)",0,0.0217295113572127,0.0168702739852081,0.00485923737200461,0.0385997853424209,394.025891341256
21.9916387959866,"High plastic (>0.5)",0,0.021947576566344,0.0168692464946398,0.00507833007170419,0.0388168230609838,394.025891341256
22.190635451505,"High plastic (>0.5)",0,0.0221560498668509,0.0168682752137354,0.00528777465311552,0.0390243250805863,394.025891341256
22.3896321070234,"High plastic (>0.5)",0,0.0223545791673213,0.0168674129990669,0.00548716616825441,0.0392219921663881,394.025891341256
22.5886287625418,"High plastic (>0.5)",0,0.0225428759472676,0.0168667067540304,0.00567616919323716,0.039409582701298,394.025891341256
22.7876254180602,"High plastic (>0.5)",0,0.0227207844335765,0.0168661984688321,0.00585458596474436,0.0395869829024086,394.025891341256
22.9866220735786,"High plastic (>0.5)",0,0.0228883019442358,0.0168659244540557,0.00602237749018011,0.0397542263982914,394.025891341256
23.185618729097,"High plastic (>0.5)",0,0.0230454707623249,0.016865910532054,0.00617956023027087,0.0399113812943789,394.025891341256
23.3846153846154,"High plastic (>0.5)",0,0.0231925117479652,0.0168661760538582,0.00632633569410701,0.0400586878018234,394.025891341256
23.5836120401338,"High plastic (>0.5)",0,0.023329703160923,0.0168667288890016,0.00646297427192139,0.0401964320499245,394.025891341256
23.7826086956522,"High plastic (>0.5)",0,0.0234574212121607,0.0168675672013748,0.00658985401078589,0.0403249884135355,394.025891341256
23.9816053511706,"High plastic (>0.5)",0,0.0235761627718578,0.016868680434527,0.00670748233733073,0.0404448432063848,394.025891341256
24.180602006689,"High plastic (>0.5)",0,0.0236864544646352,0.0168700461053201,0.00681640835931515,0.0405565005699553,394.025891341256
24.3795986622074,"High plastic (>0.5)",0,0.0237889408806805,0.0168716354965315,0.00691730538414903,0.040660576377212,394.025891341256
24.5785953177258,"High plastic (>0.5)",0,0.0238843067086238,0.0168734102587667,0.00701089644985707,0.0407577169673904,394.025891341256
24.7775919732441,"High plastic (>0.5)",0,0.0239732874544249,0.0168753256503421,0.00709796180408285,0.040848613104767,394.025891341256
24.9765886287625,"High plastic (>0.5)",0,0.0240566854885221,0.0168773334578227,0.00717935203069937,0.0409340189463448,394.025891341256
25.1755852842809,"High plastic (>0.5)",0,0.0241353151898376,0.016879379149335,0.00725593604050265,0.0410146943391726,394.025891341256
25.3745819397993,"High plastic (>0.5)",0,0.0242100334697546,0.0168814097474317,0.0073286237223229,0.0410914432171863,394.025891341256
25.5735785953177,"High plastic (>0.5)",0,0.024281712369061,0.0168833703948214,0.00739834197423961,0.0411650827638824,394.025891341256
25.7725752508361,"High plastic (>0.5)",0,0.0243512267279963,0.0168852082237618,0.0074660185042345,0.0412364349517581,394.025891341256
25.9715719063545,"High plastic (>0.5)",0,0.0244194553007384,0.0168868763071677,0.00753257899357064,0.0413063316079061,394.025891341256
26.1705685618729,"High plastic (>0.5)",0,0.024487272140616,0.016888329383558,0.00759894275705794,0.041375601524174,394.025891341256
26.3695652173913,"High plastic (>0.5)",0,0.0245555204754833,0.0168895327491955,0.00766598772628775,0.0414450532246788,394.025891341256
26.5685618729097,"High plastic (>0.5)",0,0.024625031130203,0.0168904574112724,0.00773457371893061,0.0415154885414754,394.025891341256
26.7675585284281,"High plastic (>0.5)",0,0.0246965985692819,0.0168910829652684,0.00780551560401351,0.0415876815345504,394.025891341256
26.9665551839465,"High plastic (>0.5)",0,0.0247709625926193,0.0168914012382443,0.00787956135437499,0.0416623638308636,394.025891341256
27.1655518394649,"High plastic (>0.5)",0,0.0248488453929438,0.0168914097634483,0.00795743562949546,0.0417402551563921,394.025891341256
27.3645484949833,"High plastic (>0.5)",0,0.0249308817334097,0.0168911197848025,0.00803976194860721,0.0418220015182122,394.025891341256
27.5635451505017,"High plastic (>0.5)",0,0.025017669664135,0.01689054991195,0.00812711975218507,0.041908219576085,394.025891341256
27.7625418060201,"High plastic (>0.5)",0,0.025109746954353,0.0168897269628297,0.00822001999152324,0.0419994739171827,394.025891341256
27.9615384615385,"High plastic (>0.5)",0,0.0252075545429497,0.0168886884384873,0.00831886610446247,0.042096242981437,394.025891341256
28.1605351170569,"High plastic (>0.5)",0,0.0253115083576945,0.0168874745594912,0.00842403379820326,0.0421989829171857,394.025891341256
28.3595317725753,"High plastic (>0.5)",0,0.0254219067811638,0.0168861341762373,0.00853577260492646,0.0423080409574011,394.025891341256
28.5585284280936,"High plastic (>0.5)",0,0.0255389956780551,0.0168847181063948,0.00865427757166033,0.04242371378445,394.025891341256
28.757525083612,"High plastic (>0.5)",0,0.0256629542207522,0.0168832783019603,0.00877967591879189,0.0425462325227125,394.025891341256
28.9565217391304,"High plastic (>0.5)",0,0.0257938471082729,0.0168818693692411,0.00891197773903183,0.042675716477514,394.025891341256
29.1555183946488,"High plastic (>0.5)",0,0.0259317126964595,0.0168805409720409,0.00905117172441866,0.0428122536685004,394.025891341256
29.3545150501672,"High plastic (>0.5)",0,0.0260764714613204,0.0168793420528423,0.00919712940847805,0.0429558135141627,394.025891341256
29.5535117056856,"High plastic (>0.5)",0,0.0262279876824893,0.0168783154062687,0.00934967227622054,0.043106303088758,394.025891341256
29.752508361204,"High plastic (>0.5)",0,0.026386068383563,0.0168774966098648,0.00950857177369822,0.0432635649934278,394.025891341256
29.9515050167224,"High plastic (>0.5)",0,0.0265504156013922,0.0168769157812158,0.00967349982017636,0.043427331382608,394.025891341256
30.1505016722408,"High plastic (>0.5)",0,0.0267207093014578,0.0168765917432109,0.00984411755824697,0.0435973010446687,394.025891341256
30.3494983277592,"High plastic (>0.5)",0,0.0268965378056794,0.0168765362348878,0.0100200015707917,0.0437730740405672,394.025891341256
30.5484949832776,"High plastic (>0.5)",0,0.0270774427787985,0.0168767505571711,0.0102006922216274,0.0439541933359696,394.025891341256
30.747491638796,"High plastic (>0.5)",0,0.0272629292687908,0.0168772255590118,0.010385703709779,0.0441401548278026,394.025891341256
30.9464882943144,"High plastic (>0.5)",0,0.0274524306760463,0.0168779449663981,0.0105744857096481,0.0443303756424444,394.025891341256
31.1454849498328,"High plastic (>0.5)",0,0.0276453668979973,0.0168788811844613,0.010766485713536,0.0445242480824586,394.025891341256
31.3444816053512,"High plastic (>0.5)",0,0.0278411105590982,0.0168800010601803,0.0109611094989179,0.0447211116192785,394.025891341256
31.5434782608696,"High plastic (>0.5)",0,0.0280390085872857,0.0168812641536127,0.011157744433673,0.0449202727408984,394.025891341256
31.742474916388,"High plastic (>0.5)",0,0.0282383969227745,0.0168826237917552,0.0113557731310193,0.0451210207145297,394.025891341256
31.9414715719064,"High plastic (>0.5)",0,0.0284385887615111,0.0168840324183525,0.0115545563431587,0.0453226211798636,394.025891341256
32.1404682274247,"High plastic (>0.5)",0,0.028638894777291,0.0168854374759252,0.0117534573013659,0.0455243322532162,394.025891341256
32.3394648829431,"High plastic (>0.5)",0,0.0288386294550188,0.0168867888716008,0.011951840583418,0.0457254183266196,394.025891341256
32.5384615384615,"High plastic (>0.5)",0,0.0290371095502069,0.0168880375250862,0.0121490720251207,0.045925147075293,394.025891341256
32.7374581939799,"High plastic (>0.5)",0,0.0292336651913476,0.016889136214319,0.0123445289770286,0.0461228014056665,394.025891341256
32.9364548494983,"High plastic (>0.5)",0,0.029427656850295,0.0168900461195638,0.0125376107307313,0.0463177029698588,394.025891341256
33.1354515050167,"High plastic (>0.5)",0,0.0296184537055745,0.0168907310821064,0.0127277226234681,0.0465091847876809,394.025891341256
33.3344481605351,"High plastic (>0.5)",0,0.0298054748046363,0.0168911654078708,0.0129143093967656,0.0466966402125071,394.025891341256
33.5334448160535,"High plastic (>0.5)",0,0.0299881702782425,0.0168913314710813,0.0130968388071613,0.0468795017493238,394.025891341256
33.7324414715719,"High plastic (>0.5)",0,0.0301660217197659,0.0168912189099294,0.0132748028098365,0.0470572406296954,394.025891341256
33.9314381270903,"High plastic (>0.5)",0,0.0303385864038419,0.016890830823289,0.0134477555805528,0.0472294172271309,394.025891341256
34.1304347826087,"High plastic (>0.5)",0,0.0305054396554354,0.0168901759564729,0.0136152636989625,0.0473956156119083,394.025891341256
34.3294314381271,"High plastic (>0.5)",0,0.0306662381389631,0.0168892750632554,0.0137769630757076,0.0475555132022185,394.025891341256
34.5284280936455,"High plastic (>0.5)",0,0.0308206926652101,0.0168881573212098,0.0139325353440003,0.0477088499864199,394.025891341256
34.7274247491639,"High plastic (>0.5)",0,0.0309685544172975,0.0168868575042222,0.0140816969130753,0.0478554119215196,394.025891341256
34.9264214046823,"High plastic (>0.5)",0,0.0311096779564279,0.0168854206694049,0.014224257287023,0.0479950986258327,394.025891341256
35.1254180602007,"High plastic (>0.5)",0,0.0312439415585701,0.0168838934323701,0.0143600481262,0.0481278349909401,394.025891341256
35.3244147157191,"High plastic (>0.5)",0,0.031371316160612,0.0168823281009083,0.0144889880597037,0.0482536442615202,394.025891341256
35.5234113712375,"High plastic (>0.5)",0,0.0314918386019558,0.0168807787476872,0.0146110598542686,0.048372617349643,394.025891341256
35.7224080267559,"High plastic (>0.5)",0,0.0316055852803168,0.0168792973904613,0.0147262878898555,0.048484882670778,394.025891341256
35.9214046822743,"High plastic (>0.5)",0,0.0317127402715215,0.0168779372874524,0.0148348029840692,0.0485906775589739,394.025891341256
36.1204013377926,"High plastic (>0.5)",0,0.0318135121768079,0.0168767451799421,0.0149367669968658,0.04869025735675,394.025891341256
36.319397993311,"High plastic (>0.5)",0,0.031908192684298,0.0168757640521618,0.0150324286321362,0.0487839567364598,394.025891341256
36.5183946488294,"High plastic (>0.5)",0,0.0319971366168622,0.016875030207342,0.0151221064095202,0.0488721668242042,394.025891341256
36.7173913043478,"High plastic (>0.5)",0,0.0320807293742271,0.0168745700726115,0.0152061593016156,0.0489552994468387,394.025891341256
36.9163879598662,"High plastic (>0.5)",0,0.0321594444608599,0.0168744035281658,0.015285040932694,0.0490338479890257,394.025891341256
37.1153846153846,"High plastic (>0.5)",0,0.0322337755266172,0.0168745382626378,0.0153592372639793,0.049108313789255,394.025891341256
37.314381270903,"High plastic (>0.5)",0,0.0323042726307311,0.0168749729839634,0.0154292996467676,0.0491792456146945,394.025891341256
37.5133779264214,"High plastic (>0.5)",0,0.032371531622978,0.0168756964260097,0.0154958351969683,0.0492472280489877,394.025891341256
37.7123745819398,"High plastic (>0.5)",0,0.0324361647788932,0.0168766856067779,0.0155594791721154,0.0493128503856711,394.025891341256
37.9113712374582,"High plastic (>0.5)",0,0.0324988337974181,0.0168779108913301,0.015620922906088,0.0493767446887482,394.025891341256
38.1103678929766,"High plastic (>0.5)",0,0.0325602115665687,0.0168793319415315,0.0156808796250372,0.0494395435081002,394.025891341256
38.309364548495,"High plastic (>0.5)",0,0.0326209907146336,0.0168809026437389,0.0157400880708947,0.0495018933583725,394.025891341256
38.5083612040134,"High plastic (>0.5)",0,0.0326818809864699,0.0168825718832969,0.015799309103173,0.0495644528697668,394.025891341256
38.7073578595318,"High plastic (>0.5)",0,0.032743592823476,0.0168842825078547,0.0158593103156213,0.0496278753313306,394.025891341256
38.9063545150502,"High plastic (>0.5)",0,0.0328068371233627,0.0168859787363731,0.0159208583869897,0.0496928158597358,394.025891341256
39.1053511705686,"High plastic (>0.5)",0,0.0328723239739609,0.0168876018934023,0.0159847220805586,0.0497599258673632,394.025891341256
39.304347826087,"High plastic (>0.5)",0,0.0329407451544396,0.0168890966772061,0.0160516484772335,0.0498298418316457,394.025891341256
39.5033444816054,"High plastic (>0.5)",0,0.0330127754877988,0.016890412554253,0.0161223629335458,0.0499031880420519,394.025891341256
39.7023411371237,"High plastic (>0.5)",0,0.0330890765463614,0.0168915016844905,0.0161975748618708,0.0499805782308519,394.025891341256
39.9013377926421,"High plastic (>0.5)",0,0.0331702619370526,0.0168923276369487,0.016277934300104,0.0500625895740013,394.025891341256
40.1003344481605,"High plastic (>0.5)",0,0.0332569316656136,0.0168928592614112,0.0163640724042024,0.0501497909270248,394.025891341256
40.2993311036789,"High plastic (>0.5)",0,0.0333496361325443,0.016893076578642,0.0164565595539022,0.0502427127111863,394.025891341256
40.4983277591973,"High plastic (>0.5)",0,0.0334488766738543,0.0168929714721383,0.0165559052017161,0.0503418481459926,394.025891341256
40.6973244147157,"High plastic (>0.5)",0,0.0335551317059462,0.0168925433237624,0.0166625883821838,0.0504476750297087,394.025891341256
40.8963210702341,"High plastic (>0.5)",0,0.0336687942052493,0.0168918070355409,0.0167769871697084,0.0505606012407901,394.025891341256
41.0953177257525,"High plastic (>0.5)",0,0.0337902325620874,0.0168907848789133,0.0168994476831742,0.0506810174410007,394.025891341256
41.2943143812709,"High plastic (>0.5)",0,0.0339197469710192,0.0168895103275807,0.0170302366434385,0.0508092572985998,394.025891341256
41.4933110367893,"High plastic (>0.5)",0,0.0340575655885943,0.0168880274411156,0.0171695381474787,0.0509455930297099,394.025891341256
41.6923076923077,"High plastic (>0.5)",0,0.0342038895540096,0.0168863845490077,0.0173175050050019,0.0510902741030173,394.025891341256
41.8913043478261,"High plastic (>0.5)",0,0.034358815728174,0.0168846400749853,0.0174741756531888,0.0512434558031593,394.025891341256
42.0903010033445,"High plastic (>0.5)",0,0.0345224096686635,0.0168828538367359,0.0176395558319276,0.0514052635053994,394.025891341256
42.2892976588629,"High plastic (>0.5)",0,0.0346946655516752,0.0168810885427008,0.0178135770089744,0.051575754094376,394.025891341256
42.4882943143813,"High plastic (>0.5)",0,0.0348754970203678,0.016879408417058,0.0179960886033098,0.0517549054374258,394.025891341256
42.6872909698997,"High plastic (>0.5)",0,0.0350647922251481,0.016877872691888,0.0181869195332601,0.0519426649170361,394.025891341256
42.8862876254181,"High plastic (>0.5)",0,0.0352623381983237,0.0168765394556375,0.0183857987426862,0.0521388776539612,394.025891341256
43.0852842809365,"High plastic (>0.5)",0,0.0354678900170358,0.0168754584502895,0.0185924315667463,0.0523433484673253,394.025891341256
43.2842809364548,"High plastic (>0.5)",0,0.0356811427665789,0.0168746716541183,0.0188064711124606,0.0525558144206972,394.025891341256
43.4832775919732,"High plastic (>0.5)",0,0.0359017192388906,0.0168742125952823,0.0190275066436084,0.0527759318341729,394.025891341256
43.6822742474916,"High plastic (>0.5)",0,0.0361292228800882,0.0168741014974252,0.019255121382663,0.0530033243775135,394.025891341256
43.88127090301,"High plastic (>0.5)",0,0.0363631796378542,0.0168743490959706,0.0194888305418836,0.0532375287338248,394.025891341256
44.0802675585284,"High plastic (>0.5)",0,0.0366030895792614,0.0168749520541505,0.0197281375251109,0.0534780416334119,394.025891341256
44.2792642140468,"High plastic (>0.5)",0,0.0368484149071484,0.0168758946310741,0.0199725202760744,0.0537243095382225,394.025891341256
44.4782608695652,"High plastic (>0.5)",0,0.0370985690853252,0.0168771500932523,0.0202214189920729,0.0539757191785774,394.025891341256
44.6772575250836,"High plastic (>0.5)",0,0.0373529552962501,0.0168786778750546,0.0204742774211955,0.0542316331713047,394.025891341256
44.876254180602,"High plastic (>0.5)",0,0.037610937401854,0.0168804295671423,0.0207305078347117,0.0544913669689963,394.025891341256
45.0752508361204,"High plastic (>0.5)",0,0.0378718654276785,0.0168823462445481,0.0209895191831304,0.0547542116722266,394.025891341256
45.2742474916388,"High plastic (>0.5)",0,0.0381350786826712,0.0168843620590471,0.0212507166236241,0.0550194407417182,394.025891341256
45.4732441471572,"High plastic (>0.5)",0,0.0383999017470177,0.0168864080496713,0.0215134936973464,0.0552863097966891,394.025891341256
45.6722408026756,"High plastic (>0.5)",0,0.0386656589004843,0.0168884097147336,0.0217772491857507,0.055554068615218,394.025891341256
45.871237458194,"High plastic (>0.5)",0,0.0389316790614049,0.0168902958110359,0.022041383250369,0.0558219748724408,394.025891341256
46.0702341137124,"High plastic (>0.5)",0,0.039197293165505,0.0168919955339895,0.0223052976315155,0.0560892886994946,394.025891341256
46.2692307692308,"High plastic (>0.5)",0,0.0394618474268844,0.016893442906922,0.0225684045199624,0.0563552903338065,394.025891341256
46.4682274247492,"High plastic (>0.5)",0,0.0397247105316153,0.0168945818418829,0.0228301286897324,0.0566192923734982,394.025891341256
46.6672240802676,"High plastic (>0.5)",0,0.0399852598515801,0.0168953617730462,0.0230898980785339,0.0568806216246264,394.025891341256
46.866220735786,"High plastic (>0.5)",0,0.040242917548138,0.016895747681345,0.023347169866793,0.057138665229483,394.025891341256
47.0652173913044,"High plastic (>0.5)",0,0.0404971242506148,0.0168957152849124,0.0236014089657024,0.0573928395355272,394.025891341256
47.2642140468227,"High plastic (>0.5)",0,0.0407473554646894,0.0168952540044338,0.0238521014602556,0.0576426094691231,394.025891341256
47.4632107023411,"High plastic (>0.5)",0,0.0409931414956832,0.0168943713466636,0.0240987701490196,0.0578875128423469,394.025891341256
47.6622073578595,"High plastic (>0.5)",0,0.0412340278095861,0.0168930854599708,0.0243409423496154,0.0581271132695569,394.025891341256
47.8612040133779,"High plastic (>0.5)",0,0.0414696327581638,0.016891433601164,0.0245781991569998,0.0583610663593278,394.025891341256
48.0602006688963,"High plastic (>0.5)",0,0.0416996065895449,0.0168894650966675,0.0248101414928775,0.0585890716862124,394.025891341256
48.2591973244147,"High plastic (>0.5)",0,0.0419236443511939,0.0168872413551019,0.025036402996092,0.0588108857062958,394.025891341256
48.4581939799331,"High plastic (>0.5)",0,0.0421415163107247,0.0168848380873215,0.0252566782234032,0.0590263543980462,394.025891341256
48.6571906354515,"High plastic (>0.5)",0,0.0423530109319941,0.0168823359216488,0.0254706750103452,0.0592353468536429,394.025891341256
48.8561872909699,"High plastic (>0.5)",0,0.0425580004626245,0.0168798253468372,0.0256781751157873,0.0594378258094617,394.025891341256
49.0551839464883,"High plastic (>0.5)",0,0.0427563962464542,0.0168773990215525,0.0258789972249017,0.0596337952680068,394.025891341256
49.2541806020067,"High plastic (>0.5)",0,0.0429481538596924,0.0168751493356367,0.0260730045240557,0.0598233031953291,394.025891341256
49.4531772575251,"High plastic (>0.5)",0,0.0431333082349142,0.0168731685562299,0.0262601396786843,0.0600064767911442,394.025891341256
49.6521739130435,"High plastic (>0.5)",0,0.0433119118387995,0.0168715403012388,0.0264403715375607,0.0601834521400382,394.025891341256
49.8511705685619,"High plastic (>0.5)",0,0.0434840935657348,0.0168703414959052,0.0266137520698296,0.0603544350616399,394.025891341256
50.0501672240803,"High plastic (>0.5)",0,0.0436500203908227,0.0168696364744799,0.0267803839163429,0.0605196568653026,394.025891341256
50.2491638795987,"High plastic (>0.5)",0,0.0438098940125546,0.0168694744921176,0.026940419520437,0.0606793685046722,394.025891341256
50.4481605351171,"High plastic (>0.5)",0,0.0439639826609608,0.016869889775569,0.0270940928853918,0.0608338724365298,394.025891341256
50.6471571906355,"High plastic (>0.5)",0,0.0441125681320045,0.0168708963641223,0.0272416717678822,0.0609834644961268,394.025891341256
50.8461538461538,"High plastic (>0.5)",0,0.0442559860926,0.0168724900649322,0.0273834960276678,0.0611284761575322,394.025891341256
51.0451505016722,"High plastic (>0.5)",0,0.0443946008829769,0.0168746460632083,0.0275199548197685,0.0612692469461852,394.025891341256
51.2441471571906,"High plastic (>0.5)",0,0.04452879641365,0.0168773188925307,0.0276514775211193,0.0614061153061807,394.025891341256
51.443143812709,"High plastic (>0.5)",0,0.0446589965651123,0.0168804451321248,0.0277785514329875,0.0615394416972371,394.025891341256
51.6421404682274,"High plastic (>0.5)",0,0.0447856324514778,0.0168839417502525,0.0279016907012253,0.0616695742017304,394.025891341256
51.8411371237458,"High plastic (>0.5)",0,0.0449091575551449,0.0168877113297773,0.0280214462253677,0.0617968688849222,394.025891341256
52.0401337792642,"High plastic (>0.5)",0,0.0450300380677183,0.0168916428501539,0.0281383952175645,0.0619216809178722,394.025891341256
52.2391304347826,"High plastic (>0.5)",0,0.0451487430674305,0.0168956145151092,0.0282531285523213,0.0620443575825397,394.025891341256
52.438127090301,"High plastic (>0.5)",0,0.0452657477190994,0.0168995005888018,0.0283662471302976,0.0621652483079013,394.025891341256
52.6371237458194,"High plastic (>0.5)",0,0.0453815270543769,0.0169031705296233,0.0284783565247536,0.0622846975840003,394.025891341256
52.8361204013378,"High plastic (>0.5)",0,0.0454965458887365,0.0169064984212223,0.0285900474675142,0.0624030443099588,394.025891341256
53.0351170568562,"High plastic (>0.5)",0,0.0456112627919559,0.0169093646321484,0.0287018981598075,0.0625206274241043,394.025891341256
53.2341137123746,"High plastic (>0.5)",0,0.0457261249246731,0.0169116592416013,0.0288144656830718,0.0626377841662743,394.025891341256
53.433110367893,"High plastic (>0.5)",0,0.045841552456014,0.0169132919776781,0.0289282604783359,0.0627548444336921,394.025891341256
53.6321070234114,"High plastic (>0.5)",0,0.0459579585280857,0.0169141885156016,0.0290437700124841,0.0628721470436873,394.025891341256
53.8311036789298,"High plastic (>0.5)",0,0.0460757199876554,0.0169143018169701,0.0291614181706854,0.0629900218046255,394.025891341256
54.0301003344482,"High plastic (>0.5)",0,0.0461951900434865,0.0169136119792607,0.0292815780642258,0.0631088020227472,394.025891341256
54.2290969899666,"High plastic (>0.5)",0,0.0463167014596825,0.0169121270371059,0.0294045744225765,0.0632288284967884,394.025891341256
54.4280936454849,"High plastic (>0.5)",0,0.0464405356587182,0.0169098927606022,0.029530642898116,0.0633504284193204,394.025891341256
54.6270903010033,"High plastic (>0.5)",0,0.046566962056903,0.0169069843505384,0.0296599777063647,0.0634739464074414,394.025891341256
54.8260869565217,"High plastic (>0.5)",0,0.0466961997747861,0.016903515472426,0.0297926843023601,0.0635997152472121,394.025891341256
55.0250836120401,"High plastic (>0.5)",0,0.0468284329414605,0.0168996348180928,0.0299287981233678,0.0637280677595533,394.025891341256
55.2240802675585,"High plastic (>0.5)",0,0.0469638227764211,0.0168955224596813,0.0300683003167398,0.0638593452361024,394.025891341256
55.4230769230769,"High plastic (>0.5)",0,0.0471024693440614,0.0168913956627107,0.0302110736813507,0.0639938650067721,394.025891341256
55.6220735785953,"High plastic (>0.5)",0,0.0472444587583224,0.0168874973601357,0.0303569613981867,0.0641319561184581,394.025891341256
55.8210702341137,"High plastic (>0.5)",0,0.0473898272843031,0.0168840993737912,0.030505727910512,0.0642739266580943,394.025891341256
56.0200668896321,"High plastic (>0.5)",0,0.047538574134678,0.016881496090227,0.030657078044451,0.0644200702249051,394.025891341256
56.2190635451505,"High plastic (>0.5)",0,0.0476906793657638,0.0168799973329296,0.0308106820328342,0.0645706766986935,394.025891341256
56.4180602006689,"High plastic (>0.5)",0,0.0478460688576866,0.0168799281962169,0.0309661406614696,0.0647259970539035,394.025891341256
56.6170568561873,"High plastic (>0.5)",0,0.0480046561933248,0.016881617988779,0.0311230382045458,0.0648862741821038,394.025891341256
56.8160535117057,"High plastic (>0.5)",0,0.0481663187815607,0.0168853976229289,0.0312809211586318,0.0650517164044896,394.025891341256
57.0150501672241,"High plastic (>0.5)",0,0.048330905306301,0.0168915926907099,0.0314393126155912,0.0652224979970109,394.025891341256
57.2140468227425,"High plastic (>0.5)",0,0.0484982535439834,0.0169005163551795,0.0315977371888039,0.0653987698991629,394.025891341256
57.4130434782609,"High plastic (>0.5)",0,0.0486681689788263,0.0169124654777935,0.0317557035010328,0.0655806344566198,394.025891341256
57.6120401337793,"High plastic (>0.5)",0,0.0488404498850921,0.0169277136804939,0.0319127362045982,0.0657681635655861,394.025891341256
57.8110367892977,"High plastic (>0.5)",0,0.0490148809604415,0.0169465075628822,0.0320683733975592,0.0659613885233237,394.025891341256
58.0100334448161,"High plastic (>0.5)",0,0.0491912353864113,0.0169690626083106,0.0322221727781008,0.0661602979947219,394.025891341256
58.2090301003345,"High plastic (>0.5)",0,0.0493692856691954,0.0169955597740406,0.0323737258951548,0.066364845443236,394.025891341256
58.4080267558528,"High plastic (>0.5)",0,0.0495488032470565,0.0170261446932763,0.0325226585537802,0.0665749479403328,394.025891341256
58.6070234113712,"High plastic (>0.5)",0,0.0497295599389577,0.0170609251853468,0.0326686347536109,0.0667904851243045,394.025891341256
58.8060200668896,"High plastic (>0.5)",0,0.0499113393877755,0.0170999734395962,0.0328113659481793,0.0670113128273716,394.025891341256
59.005016722408,"High plastic (>0.5)",0,0.0500939359492674,0.0171433273115973,0.0329506086376702,0.0672372632608647,394.025891341256
59.2040133779264,"High plastic (>0.5)",0,0.0502771529321318,0.0171909905725434,0.0330861623595883,0.0674681435046752,394.025891341256
59.4030100334448,"High plastic (>0.5)",0,0.0504608254138177,0.0172429435927351,0.0332178818210826,0.0677037690065528,394.025891341256
59.6020066889632,"High plastic (>0.5)",0,0.0506447973964596,0.0172991398033216,0.033345657593138,0.0679439371997812,394.025891341256
59.8010033444816,"High plastic (>0.5)",0,0.050828946750559,0.0173595192517204,0.0334694274988387,0.0681884660022794,394.025891341256
60,"High plastic (>0.5)",0,0.0510131841193895,0.0174240153527218,0.0335891687666677,0.0684371994721112,394.025891341256
