"BIRD_KEY","proventriculus_plastic_mass","proventriculus_plastic_count","total_plastic_mass","total_plastic_count","proventriculus_tissue_mass"
"00205",NA,NA,0,0,NA
"00399",NA,NA,0,0,NA
"02001",0.02,2,0.02,2,NA
"02002",4.1656,21,4.1656,21,NA
"02003",0,0,0,0,NA
"02004",0.5968,9,0.5968,9,NA
"02005",0.1378,11,0.1378,11,NA
"02006",0.0176,2,0.0176,2,NA
"02007",0,0,0,0,NA
"02008",0.0006,1,0.0006,1,NA
"02009",55.3903,399,55.3903,399,20.5
"02010",0,0,0,0,NA
"02011",0,0,0,0,NA
"02012",0,0,0,0,NA
"02013",17.9183,18,17.9183,71,NA
"02014",0.9341,6,1.1333,13,NA
"02015",32.1629,116,32.2658,189,24.5
"02016",0,0,0,0,NA
"02017",0.3441,9,0.3441,9,NA
"02018",0,0,0,0,NA
"02019",37.3037,202,37.4251,275,NA
"02020",25.5175,26,25.5175,71,NA
"02021",0.033,1,0.033,1,NA
"02022",0,0,0,0,NA
"02023",0,0,0,0,NA
"02024",NA,NA,0,0,NA
"02025",13.9067,14,13.9067,71,NA
"02026",0,0,0,0,NA
"02027",6.032,6,6.032,71,NA
"02028",16.2865,16,16.2865,71,NA
"02029",3.5756,4,3.5756,71,NA
"02030",0.013,2,0.013,2,NA
"02031",0.4535,4,0.4535,4,NA
"02032",35.1081,175,35.611,219,15
"02033",0,0,0,0,NA
"02034",3.6635,4,3.6635,71,NA
"02035",0.9927,7,0.9927,7,NA
"02036",19.6783,20,19.6783,71,NA
"02037",0.8373,22,0.8373,22,NA
"79813",NA,NA,0,0,NA
"83031",NA,NA,0,0,NA
"87185",NA,NA,0,0,NA
"87187",NA,NA,0,0,NA
"87331",NA,NA,0,0,NA
"87381",NA,NA,0,0,NA
"89521",0.0587,2,0.0587,2,NA
"89522",NA,NA,0,0,NA
"89523",0.0013,1,0.0013,1,NA
"89524",0,0,0,0,NA
"89525",2.3727,2,2.3727,71,NA
"89526",0.0011,1,0.0011,1,NA
"89527",6.2491,6,6.2491,71,NA
"89528",16.1387,88,16.4917,90,8.9
"89529",0,0,0,0,NA
"89530",NA,NA,0,0,NA
"89531",NA,NA,0,0,NA
"89532",NA,NA,0,0,NA
"89533",NA,NA,0,0,NA
"89534",NA,NA,0,0,NA
"89535",0.0868,4,0.0868,4,NA
"89536",0,0,0,0,NA
"89537",0,0,0,0,NA
"89538",NA,NA,0,0,NA
"89539",0.0257,2,0.0257,2,NA
"89540",NA,NA,0,0,NA
"89541",NA,NA,0,0,NA
"89542",NA,NA,0,0,NA
"89543",NA,NA,0,0,NA
"89544",NA,NA,0,0,NA
"89545",0,0,0,0,NA
"89546",0,0,0,0,NA
"89547",0.2824,3,0.2824,3,NA
"89548",0.0311,3,0.0311,3,NA
"89549",0,0,0,0,NA
"89550",1.1676,21,1.1676,21,NA
"89553",NA,NA,0,0,NA
"89560",NA,NA,0,0,NA
"89568",NA,NA,0,0,NA
"89573",NA,NA,0,0,NA
"89574",0,0,0,0,NA
"89575",3.6403,74,3.6403,74,NA
"89576",NA,NA,0,0,NA
"89577",3.7724,8,3.7724,8,NA
"89578",0,0,0,0,NA
"89579",0.0129,2,0.0129,2,NA
"89580",14.0253,14,14.0253,0,NA
"89581",0.21,5,0.21,5,NA
"89582",0,0,0,0,NA
"89583",0.5919,14,0.5919,14,NA
"89584",0.296,13,0.296,13,NA
"89585",0.9595,13,0.9595,13,NA
"89586",7.765,8,7.765,71,NA
"89587",0.6346,15,0.6346,15,NA
"89588",0.0501,1,0.0501,1,NA
"89589",0.015,1,0.015,1,NA
"89590",0,0,0,0,NA
"89591",0.0055,1,0.0055,1,NA
"89592",0.0106,1,0.0106,1,NA
"89593",0.4873,4,0.4873,4,NA
"89594",2.3871,2,2.3871,71,NA
"89595",6.4351,6,6.4351,71,NA
"89596",0.0943,3,0.0943,3,NA
"89597",0.5545,29,0.5545,29,NA
"89598",2.2725,2,2.2725,71,NA
"89599",0.5444,1,0.5444,71,NA
"89600",1.8626,22,1.8626,22,NA
"91106",NA,NA,0,0,NA
"BW-01",4.0604,32,4.6981,46,NA
"BW-02",0,0,0.0632,2,NA
"BW-03",13.4621,76,14.2357,80,NA
"BW-04",0,0,0.0481,6,NA
"BW-05",25.5274,26,25.9531,71,15.3
"BW-06",0.8159,8,0.9182,12,NA
"BW-07",0,0,0.1682,7,NA
"BW-08",2.0614,9,2.2306,14,8.5
"BW-09",0,0,0.1266,8,4.5
"BW-10",26.38,273,26.5715,283,17.4
"BW-11",0.0031,1,0.5021,14,4.6
"BW-12",0.0302,5,0.1614,16,NA
"BW-13",0,0,0.0245,1,3.2
"BW-14",46.6977,47,46.6977,71,NA
"BW-15",0.5275,13,0.7824,23,6.4
"NB-01",2.4948,5,2.4948,5,NA
"NB-02",9.6225,18,9.6225,18,NA
"NB-03",2.5335,4,2.5335,4,NA
"NB-05",2.2925,3,2.2925,3,NA
"NB-06",13.1652,13,13.1652,71,NA
"NB-07",11.9527,12,11.9527,71,NA
"NB-08",5.9802,10,5.9802,76,NA
"NB-09",1.6572,9,1.6572,9,NA
"NL-01",12.6363,53,12.8203,71,NA
"NL-02",19.8501,194,19.874,200,NA
"NL-03",60.4273,758,61.0434,778,NA
"NL-04",0,0,0,0,NA
"NL-05",0,0,0,0,NA
"NL-06",0,0,0.0738,5,NA
"NL-07",16.0053,16,16.0053,71,NA
"NL-08",0.0306,2,0.1106,7,NA
"NL-09",1.2096,11,1.4471,23,NA
"NL-10",0,0,0.1797,3,5.3
"NL-11",27.4373,28,27.8912,71,15.6
"NL-12",0.1058,1,0.174,7,NA
"NL-13",0.118,4,0.118,4,4
"NL-14",22.6285,68,22.9159,72,20.2
"NL-15",9.5554,62,9.5764,65,8.7
"NL-16",15.1812,169,15.5991,180,11.3
"NL-17",0.0141,1,0.2719,5,3.9
"NL-18",NA,NA,0,0,NA
"NL-19",0,0,0.0205,3,4.7
"NL-20",26.7488,409,26.9774,416,12.7
"NL-21",36.5284,37,37.0142,213,19.2
"NL-22",35.0925,179,35.501,181,19.4
"NL-23",24.3019,427,24.5474,433,17.2
"NL-24",26.7003,516,26.8581,522,14.5
"NL-25",42.7896,364,42.7906,365,20.5
"NL-26",34.6518,260,35.4434,262,21.8
"NL-27",41.3121,41,41.3121,71,20.8
"NL-28",17.6245,69,17.6583,70,10
"NL-29",0,0,0.0136,2,4.3
"NL-30",0,0,0.034,1,3.8
"NL-31",0.3431,3,0.5223,9,4.6
"NL-32",0.0205,1,0.2336,10,4.9
"NL-33",0.3522,3,0.4317,12,5.1
"NL-34",0,0,0.0305,3,3.6
"NL-35",43.0883,334,43.3145,336,20.3
"NL-36",0.1388,6,0.2916,25,3.8
"NL-37",0.0911,3,0.3454,8,4.8
"NL-38",28.2806,122,28.5099,145,16.8
"NL-39",0,0,0.2865,2,3.8
"NL-40",63.9624,64,64.2054,71,25.8
"NL-41",0.0511,1,0.3341,18,4.6
"Not banded",0.1819,6,0.1819,6,NA
"PRPE-01",0,0,0,0,NA
"PRPE-02",0,0,0,0,NA
"PRPE-03",0,0,0.0068,2,NA
"RK-01",0,0,0,0,NA
"RK-02",7.9721,38,7.9768,41,NA
"RK-03",0,0,0.6045,5,NA
"RK-04",0,0,0.0784,10,NA
"RK-05",0,0,0.0188,1,NA
"WTSH-01",0.7379,12,0.8113,17,NA
"WTSH-02",0,0,0,0,NA
"WTSH-03",0,0,0,0,NA
